Platform,Party,Bioguide ID,Number of Active Accounts,Max Total Followers,Start of Term,End of Term,First Post,Last Post,Total Posts,Average Post Favorites/Reactions,Average Post Retweets/Shares
facebook,R,A000055,1,22404,1/1/2019,,1/18/2019,5/29/2020,325,108,35
facebook,R,A000360,2,57405,1/1/2019,,1/2/2019,5/31/2020,677,177,23
facebook,R,A000367,2,140238,1/1/2019,,1/1/2019,5/16/2020,57,2197,495
facebook,R,A000369,1,9376,1/1/2019,,1/4/2019,5/18/2020,89,118,18
facebook,D,A000370,2,19146,1/1/2019,,1/1/2019,5/30/2020,612,54,10
facebook,D,A000371,2,11086,1/1/2019,,1/2/2019,5/29/2020,317,137,15
facebook,R,A000372,2,147433,1/1/2019,,1/1/2019,5/28/2020,673,76,14
facebook,R,A000374,2,69133,1/1/2019,,1/1/2019,5/30/2020,1347,503,180
facebook,R,A000375,2,45163,1/1/2019,,1/4/2019,5/29/2020,568,148,26
facebook,D,A000376,2,21259,1/1/2019,,1/1/2019,5/31/2020,1409,102,9
facebook,R,A000377,2,8721,1/1/2019,,1/2/2019,5/29/2020,954,92,11
facebook,D,A000378,2,8354,1/1/2019,,1/2/2019,5/30/2020,1047,63,7
facebook,D,B000490,2,12601,1/1/2019,,1/1/2019,5/29/2020,264,72,17
facebook,D,B000574,1,51637,1/1/2019,,1/2/2019,5/31/2020,408,318,30
facebook,R,B000575,2,64427,1/1/2019,,1/1/2019,5/27/2020,584,198,22
facebook,R,B000755,2,35325,1/1/2019,,1/1/2019,5/30/2020,1651,48,15
facebook,D,B000944,2,227783,1/1/2019,,1/1/2019,5/29/2020,645,1016,440
facebook,R,B001135,1,27914,1/1/2019,,1/1/2019,4/21/2020,83,491,49
facebook,D,B001230,2,170627,1/1/2019,,1/1/2019,5/29/2020,602,438,54
facebook,R,B001236,2,40983,1/1/2019,,1/1/2019,5/28/2020,699,96,15
facebook,R,B001243,2,147926,1/1/2019,,1/2/2019,5/31/2020,1679,635,96
facebook,R,B001248,1,8328,1/1/2019,,1/1/2019,5/29/2020,378,120,15
facebook,R,B001250,1,6687,1/1/2019,,1/5/2019,5/29/2020,87,115,12
facebook,D,B001251,1,10568,1/1/2019,,1/1/2019,5/29/2020,279,80,19
facebook,R,B001257,2,77654,1/1/2019,,1/1/2019,5/31/2020,1527,82,45
facebook,R,B001260,2,56647,1/1/2019,,1/2/2019,5/29/2020,370,302,55
facebook,R,B001261,2,35115,1/1/2019,,1/3/2019,5/29/2020,359,177,26
facebook,D,B001267,2,163858,1/1/2019,,1/1/2019,5/30/2020,1751,448,84
facebook,D,B001270,2,53144,1/1/2019,,1/1/2019,5/31/2020,875,85,26
facebook,R,B001274,2,52824,1/1/2019,,1/2/2019,5/29/2020,533,231,74
facebook,R,B001275,2,28665,1/1/2019,,1/1/2019,5/30/2020,592,69,12
facebook,D,B001277,2,79667,1/1/2019,,1/1/2019,5/29/2020,325,265,30
facebook,D,B001278,2,23675,1/1/2019,,1/1/2019,5/30/2020,679,88,8
facebook,D,B001281,2,45552,1/1/2019,,1/1/2019,5/31/2020,1095,196,39
facebook,R,B001282,2,49197,1/1/2019,,1/4/2019,5/31/2020,686,129,31
facebook,R,B001284,2,40397,1/1/2019,,1/7/2019,5/30/2020,376,68,8
facebook,D,B001285,2,21126,1/1/2019,,1/1/2019,5/29/2020,1191,84,10
facebook,D,B001286,2,52066,1/1/2019,,1/1/2019,5/30/2020,1491,104,14
facebook,D,B001287,2,32702,1/1/2019,,1/1/2019,5/29/2020,401,82,7
facebook,D,B001288,2,2334224,1/1/2019,,1/2/2019,5/31/2020,1505,1424,155
facebook,R,B001289,2,47325,1/1/2019,,1/1/2019,5/30/2020,2930,178,55
facebook,R,B001291,2,66355,1/1/2019,,1/1/2019,5/31/2020,1159,194,55
facebook,D,B001292,2,39886,1/1/2019,,1/1/2019,5/30/2020,1408,235,54
facebook,R,B001295,2,38210,1/1/2019,,1/1/2019,5/31/2020,905,251,40
facebook,D,B001296,2,14727,1/1/2019,,1/1/2019,5/28/2020,585,99,10
facebook,R,B001297,2,32008,1/1/2019,,1/4/2019,5/27/2020,434,138,24
facebook,R,B001298,2,12780,1/1/2019,,1/2/2019,5/31/2020,2166,82,6
facebook,R,B001299,2,24402,1/1/2019,,1/1/2019,5/31/2020,1301,163,31
facebook,D,B001300,1,8331,1/1/2019,,1/1/2019,5/31/2020,896,93,13
facebook,R,B001301,2,21754,1/1/2019,,1/2/2019,5/29/2020,638,255,36
facebook,R,B001302,2,33819,1/1/2019,,1/1/2019,5/31/2020,1741,257,52
facebook,D,B001303,2,23097,1/1/2019,,1/1/2019,5/31/2020,321,179,29
facebook,D,B001304,2,46131,1/1/2019,,1/1/2019,5/31/2020,547,94,21
facebook,R,B001305,2,34349,1/1/2019,,1/1/2019,5/30/2020,1174,174,26
facebook,R,B001306,2,4445,1/1/2019,,1/4/2019,5/31/2020,402,42,4
facebook,R,B001307,2,7352,1/1/2019,,1/4/2019,5/30/2020,420,41,5
facebook,D,B001308,2,28763,1/1/2019,,1/1/2019,5/31/2020,1753,114,11
facebook,R,B001309,2,15492,1/1/2019,,1/3/2019,5/31/2020,483,215,31
facebook,R,B001310,2,67710,1/1/2019,,1/3/2019,5/28/2020,634,468,53
facebook,R,B001311,1,10618,9/17/2019,,9/18/2019,5/30/2020,57,372,113
facebook,R,C000059,2,23929,1/1/2019,,1/1/2019,5/31/2020,201,253,54
facebook,D,C000127,1,55448,1/1/2019,,1/3/2019,5/31/2020,398,425,49
facebook,D,C000141,2,37221,1/1/2019,,1/3/2019,5/28/2020,366,231,30
facebook,D,C000174,2,20215,1/1/2019,,1/4/2019,5/31/2020,477,105,11
facebook,R,C000266,2,14852,1/1/2019,,1/1/2019,5/30/2020,507,76,6
facebook,D,C000537,2,50538,1/1/2019,,1/4/2019,5/30/2020,660,117,25
facebook,D,C000754,2,20323,1/1/2019,,1/3/2019,5/29/2020,495,97,16
facebook,R,C000880,2,14294,1/1/2019,,1/1/2019,5/29/2020,513,77,10
facebook,D,C000984,2,153157,1/1/2019,10/16/2019,1/1/2019,10/3/2019,178,772,83
facebook,R,C001035,2,106603,1/1/2019,,1/2/2019,5/31/2020,1033,199,19
facebook,R,C001047,2,72825,1/1/2019,,1/2/2019,5/31/2020,1752,129,21
facebook,D,C001049,1,3183,1/1/2019,,1/2/2019,5/30/2020,367,77,15
facebook,R,C001051,2,43204,1/1/2019,,1/1/2019,5/31/2020,1095,62,14
facebook,R,C001053,2,27766,1/1/2019,,1/10/2019,5/30/2020,469,65,13
facebook,D,C001055,1,1287,1/1/2019,,1/5/2019,5/30/2020,661,23,2
facebook,R,C001056,2,524629,1/1/2019,,1/1/2019,5/31/2020,1359,442,71
facebook,D,C001059,2,7078,1/1/2019,,1/2/2019,5/31/2020,822,58,9
facebook,D,C001061,2,31789,1/1/2019,,1/3/2019,5/26/2020,340,173,26
facebook,R,C001062,2,12611,1/1/2019,,1/1/2019,5/31/2020,740,56,9
facebook,D,C001063,2,25214,1/1/2019,,1/3/2019,5/31/2020,1053,50,6
facebook,D,C001066,2,16765,1/1/2019,,1/1/2019,5/31/2020,965,55,7
facebook,D,C001067,2,21542,1/1/2019,,1/1/2019,5/31/2020,645,20,4
facebook,D,C001068,2,31110,1/1/2019,,1/1/2019,5/30/2020,991,113,16
facebook,D,C001069,2,25444,1/1/2019,,1/1/2019,5/29/2020,811,80,25
facebook,D,C001070,2,110423,1/1/2019,,1/3/2019,5/31/2020,456,826,104
facebook,D,C001072,2,29115,1/1/2019,,1/1/2019,5/30/2020,406,152,20
facebook,R,C001075,2,116591,1/1/2019,,1/1/2019,5/31/2020,1950,216,37
facebook,D,C001078,2,19085,1/1/2019,,1/2/2019,5/28/2020,241,84,11
facebook,D,C001080,2,22021,1/1/2019,,1/2/2019,5/29/2020,358,108,27
facebook,D,C001084,2,26545,1/1/2019,,1/1/2019,5/31/2020,839,217,50
facebook,D,C001088,2,64541,1/1/2019,,1/2/2019,5/31/2020,1445,275,46
facebook,D,C001090,2,23172,1/1/2019,,1/1/2019,5/29/2020,704,137,17
facebook,D,C001091,2,213538,1/1/2019,,1/3/2019,5/31/2020,751,292,43
facebook,R,C001092,1,12421,1/1/2019,9/30/2019,1/1/2019,9/10/2019,121,55,4
facebook,R,C001093,2,141166,1/1/2019,,1/1/2019,5/31/2020,1437,842,182
facebook,R,C001094,2,12023,1/1/2019,,1/9/2019,5/28/2020,151,180,35
facebook,R,C001095,2,399786,1/1/2019,,1/11/2019,5/30/2020,443,892,312
facebook,R,C001096,2,27596,1/1/2019,,1/4/2019,5/31/2020,1048,103,11
facebook,D,C001097,2,20794,1/1/2019,,1/3/2019,5/31/2020,616,37,5
facebook,R,C001098,2,3232172,1/1/2019,,1/1/2019,5/31/2020,2743,2451,569
facebook,D,C001101,2,37787,1/1/2019,,1/1/2019,5/30/2020,733,111,14
facebook,R,C001103,2,38948,1/1/2019,,1/2/2019,5/29/2020,469,153,24
facebook,R,C001108,2,38534,1/1/2019,,1/8/2019,5/31/2020,669,109,16
facebook,R,C001109,2,31556,1/1/2019,,1/4/2019,5/28/2020,419,356,163
facebook,D,C001110,2,17714,1/1/2019,,1/1/2019,5/30/2020,809,60,9
facebook,D,C001111,2,109210,1/1/2019,,1/1/2019,5/31/2020,1021,177,30
facebook,D,C001112,2,23474,1/1/2019,,1/1/2019,5/31/2020,919,117,9
facebook,D,C001113,2,45528,1/1/2019,,1/1/2019,5/30/2020,981,127,16
facebook,R,C001114,2,11838,1/1/2019,,1/1/2019,5/29/2020,715,48,4
facebook,R,C001115,2,13782,1/1/2019,,1/9/2019,5/31/2020,555,200,33
facebook,D,C001117,2,22454,1/1/2019,,1/1/2019,5/31/2020,1042,123,13
facebook,R,C001118,2,18895,1/1/2019,,1/3/2019,5/31/2020,839,162,88
facebook,D,C001119,2,17382,1/1/2019,,1/1/2019,5/31/2020,846,100,8
facebook,R,C001120,2,744347,1/1/2019,,1/1/2019,5/30/2020,1114,4112,1494
facebook,D,C001121,2,13194,1/1/2019,,1/1/2019,5/30/2020,1343,108,8
facebook,D,C001122,2,33898,1/1/2019,,1/1/2019,5/29/2020,1139,202,18
facebook,D,C001123,2,14244,1/1/2019,,1/1/2019,5/31/2020,1331,46,6
facebook,D,C001124,2,4469,1/1/2019,,1/2/2019,5/31/2020,1196,29,4
facebook,D,D000096,1,4409,1/1/2019,,1/4/2019,5/15/2020,73,35,6
facebook,D,D000191,2,45930,1/1/2019,,1/3/2019,5/29/2020,529,383,64
facebook,D,D000197,2,24713,1/1/2019,,1/2/2019,5/31/2020,975,134,19
facebook,D,D000216,2,31258,1/1/2019,,1/3/2019,5/29/2020,381,85,12
facebook,D,D000399,2,47971,1/1/2019,,1/1/2019,5/31/2020,2226,145,27
facebook,D,D000482,2,10187,1/1/2019,,1/4/2019,5/31/2020,688,103,14
facebook,D,D000563,2,152972,1/1/2019,,1/1/2019,5/31/2020,925,457,60
facebook,D,D000598,1,11122,1/1/2019,,1/3/2019,5/31/2020,416,89,13
facebook,R,D000600,2,31594,1/1/2019,,1/1/2019,5/28/2020,530,35,8
facebook,D,D000610,2,34485,1/1/2019,,1/4/2019,5/30/2020,279,131,20
facebook,R,D000614,2,55172,1/1/2019,9/22/2019,1/1/2019,9/20/2019,585,219,109
facebook,R,D000615,1,38432,1/1/2019,,1/1/2019,5/29/2020,993,213,57
facebook,R,D000616,2,67125,1/1/2019,,1/1/2019,5/31/2020,426,193,57
facebook,D,D000617,2,41148,1/1/2019,,1/1/2019,5/30/2020,1342,109,13
facebook,R,D000618,2,31914,1/1/2019,,1/1/2019,5/30/2020,736,241,20
facebook,R,D000619,2,34451,1/1/2019,,1/1/2019,5/29/2020,812,81,11
facebook,D,D000622,2,287905,1/1/2019,,1/1/2019,5/31/2020,1087,763,115
facebook,D,D000623,2,19318,1/1/2019,,1/1/2019,5/30/2020,1835,84,11
facebook,D,D000624,2,50486,1/1/2019,,1/1/2019,5/31/2020,1564,201,26
facebook,R,D000626,2,21712,1/1/2019,,1/1/2019,5/31/2020,655,134,29
facebook,D,D000627,2,35368,1/1/2019,,1/1/2019,5/31/2020,624,211,32
facebook,R,D000628,2,27267,1/1/2019,,1/1/2019,5/30/2020,500,160,36
facebook,D,D000629,2,38532,1/1/2019,,1/2/2019,5/29/2020,881,273,24
facebook,D,D000630,2,19462,1/1/2019,,1/1/2019,5/30/2020,3528,77,8
facebook,D,D000631,2,7880,1/1/2019,,1/1/2019,5/29/2020,1081,106,12
facebook,D,E000179,2,59112,1/1/2019,,1/2/2019,5/31/2020,426,109,5
facebook,D,E000215,2,13041,1/1/2019,,1/16/2019,5/30/2020,194,57,6
facebook,R,E000285,1,13005,1/1/2019,,1/7/2019,5/30/2020,313,81,13
facebook,R,E000294,2,19956,1/1/2019,,1/2/2019,5/31/2020,363,93,5
facebook,R,E000295,2,84784,1/1/2019,,1/1/2019,5/31/2020,2475,236,28
facebook,D,E000296,2,14761,1/1/2019,,1/1/2019,5/31/2020,1380,73,44
facebook,D,E000297,1,5348,1/1/2019,,1/1/2019,5/31/2020,1910,43,11
facebook,R,E000298,2,11381,1/1/2019,,1/1/2019,5/28/2020,566,182,33
facebook,D,E000299,2,15590,1/1/2019,,1/7/2019,5/31/2020,1354,101,15
facebook,D,F000062,1,155269,1/1/2019,,1/9/2019,5/29/2020,86,1645,208
facebook,R,F000449,1,12809,1/1/2019,,1/3/2019,5/30/2020,502,63,9
facebook,R,F000450,2,24184,1/1/2019,,1/1/2019,5/30/2020,364,134,14
facebook,D,F000454,2,14198,1/1/2019,,1/3/2019,5/29/2020,669,117,16
facebook,D,F000455,2,50826,1/1/2019,,1/1/2019,5/30/2020,1383,44,13
facebook,R,F000459,2,14215,1/1/2019,,1/1/2019,5/31/2020,883,109,12
facebook,R,F000461,2,23316,1/1/2019,,1/1/2019,5/30/2020,776,32,7
facebook,D,F000462,2,34874,1/1/2019,,1/1/2019,5/29/2020,601,73,10
facebook,R,F000463,2,27396,1/1/2019,,1/1/2019,5/31/2020,261,179,22
facebook,R,F000465,2,44248,1/1/2019,,1/3/2019,5/29/2020,343,83,13
facebook,R,F000466,2,23838,1/1/2019,,1/1/2019,5/31/2020,1259,103,10
facebook,D,F000467,2,13979,1/1/2019,,1/5/2019,5/30/2020,574,165,12
facebook,D,F000468,2,8485,1/1/2019,,1/14/2019,5/31/2020,1159,58,3
facebook,R,F000469,2,15203,1/1/2019,,1/4/2019,5/30/2020,520,59,11
facebook,R,G000061,1,11360,5/19/2020,,5/19/2020,5/30/2020,20,696,35
facebook,R,G000359,1,293323,1/1/2019,,1/3/2019,5/30/2020,484,2734,317
facebook,R,G000377,1,11861,1/1/2019,,1/9/2019,5/30/2020,414,59,12
facebook,R,G000386,2,58012,1/1/2019,,1/2/2019,5/31/2020,757,209,33
facebook,R,G000546,2,55204,1/1/2019,,1/3/2019,5/29/2020,1074,480,238
facebook,D,G000551,2,53136,1/1/2019,,1/2/2019,5/29/2020,612,119,53
facebook,R,G000552,2,82902,1/1/2019,,1/3/2019,5/30/2020,511,462,141
facebook,D,G000553,2,21007,1/1/2019,,1/1/2019,5/31/2020,408,109,11
facebook,D,G000555,2,405931,1/1/2019,,1/3/2019,5/31/2020,1131,622,77
facebook,R,G000558,2,25348,1/1/2019,,1/4/2019,5/28/2020,544,94,13
facebook,D,G000559,2,39034,1/1/2019,,1/1/2019,5/29/2020,944,98,15
facebook,R,G000560,2,122982,1/1/2019,,1/1/2019,5/30/2020,385,52,8
facebook,R,G000562,2,62041,1/1/2019,,1/1/2019,5/30/2020,835,265,22
facebook,R,G000563,2,12939,1/1/2019,,1/3/2019,5/28/2020,331,132,37
facebook,R,G000565,2,31033,1/1/2019,,1/3/2019,5/29/2020,707,193,54
facebook,R,G000568,2,20060,1/1/2019,,1/7/2019,5/31/2020,517,128,18
facebook,D,G000571,2,639391,1/1/2019,,1/1/2019,5/29/2020,1525,2494,561
facebook,D,G000574,2,35795,1/1/2019,,1/4/2019,5/29/2020,433,79,17
facebook,R,G000576,2,14520,1/1/2019,,1/2/2019,5/29/2020,1271,105,16
facebook,R,G000577,2,55162,1/1/2019,,1/1/2019,5/29/2020,1087,72,19
facebook,R,G000578,2,190082,1/1/2019,,1/2/2019,5/31/2020,1771,1218,455
facebook,R,G000579,2,11307,1/1/2019,,1/1/2019,5/29/2020,415,139,20
facebook,D,G000581,2,22882,1/1/2019,,1/1/2019,5/31/2020,850,122,22
facebook,D,G000583,2,26657,1/1/2019,,1/1/2019,5/31/2020,1989,38,3
facebook,R,G000584,2,39218,1/1/2019,,1/1/2019,5/31/2020,772,175,27
facebook,D,G000585,2,13793,1/1/2019,,1/1/2019,5/31/2020,1794,79,18
facebook,D,G000586,2,36644,1/1/2019,,1/2/2019,5/31/2020,1255,64,11
facebook,D,G000587,2,16832,1/1/2019,,1/3/2019,5/31/2020,542,39,6
facebook,R,G000588,2,6916,1/1/2019,,1/3/2019,5/30/2020,611,66,8
facebook,R,G000589,2,19069,1/1/2019,,1/1/2019,5/30/2020,553,246,31
facebook,R,G000590,2,93679,1/1/2019,,1/1/2019,5/31/2020,1385,298,80
facebook,R,G000591,2,14865,1/1/2019,,1/1/2019,5/30/2020,774,135,11
facebook,D,G000592,2,15585,1/1/2019,,1/4/2019,5/30/2020,503,140,20
facebook,D,H000324,2,41715,1/1/2019,,1/1/2019,5/31/2020,903,23,6
facebook,D,H000874,2,121486,1/1/2019,,1/1/2019,5/31/2020,1827,254,58
facebook,D,H001038,2,11777,1/1/2019,,1/4/2019,5/29/2020,268,73,11
facebook,D,H001042,1,23311,1/1/2019,,1/3/2019,5/29/2020,438,293,39
facebook,D,H001046,2,63527,1/1/2019,,1/2/2019,5/30/2020,752,309,42
facebook,D,H001047,2,37238,1/1/2019,,1/1/2019,5/31/2020,1429,122,25
facebook,R,H001048,2,34299,1/1/2019,1/12/2020,1/3/2019,1/10/2020,263,175,26
facebook,R,H001052,2,20815,1/1/2019,,1/2/2019,5/30/2020,714,140,27
facebook,R,H001053,2,23988,1/1/2019,,1/1/2019,5/30/2020,657,188,21
facebook,R,H001056,2,41364,1/1/2019,,1/1/2019,5/28/2020,688,170,18
facebook,R,H001058,2,23196,1/1/2019,,1/1/2019,5/31/2020,1068,271,66
facebook,R,H001061,2,24058,1/1/2019,,1/5/2019,5/28/2020,498,63,5
facebook,D,H001064,2,35841,1/1/2019,,1/4/2019,5/30/2020,204,163,18
facebook,R,H001065,2,39315,1/1/2019,,1/1/2019,4/21/2020,114,100,24
facebook,D,H001066,2,18240,1/1/2019,,1/3/2019,5/30/2020,1161,37,5
facebook,R,H001067,2,45081,1/1/2019,,1/1/2019,5/29/2020,930,113,24
facebook,D,H001068,2,25644,1/1/2019,,1/2/2019,5/31/2020,1363,137,23
facebook,R,H001071,2,93000,1/1/2019,,1/1/2019,5/30/2020,590,301,70
facebook,R,H001072,2,19266,1/1/2019,,1/3/2019,5/31/2020,1018,103,14
facebook,R,H001073,2,66893,1/1/2019,,1/1/2019,5/31/2020,1335,98,16
facebook,R,H001074,2,30296,1/1/2019,,1/8/2019,5/28/2020,445,69,7
facebook,D,H001075,3,1964929,1/1/2019,,1/1/2019,5/31/2020,3739,2534,354
facebook,D,H001076,2,45434,1/1/2019,,1/2/2019,5/30/2020,1307,76,6
facebook,R,H001077,2,305988,1/1/2019,,1/3/2019,5/31/2020,462,1026,555
facebook,R,H001079,2,39341,1/1/2019,,1/10/2019,5/31/2020,1377,99,17
facebook,D,H001080,2,64540,1/1/2019,,1/1/2019,5/31/2020,1887,268,81
facebook,D,H001081,2,20864,1/1/2019,,1/1/2019,5/31/2020,1457,66,8
facebook,R,H001082,2,29188,1/1/2019,,1/2/2019,5/31/2020,780,238,47
facebook,D,H001083,2,19399,1/1/2019,,1/2/2019,5/31/2020,682,194,18
facebook,D,H001085,2,10613,1/1/2019,,1/1/2019,5/29/2020,736,102,14
facebook,D,H001087,2,22220,1/1/2019,11/2/2019,1/1/2019,10/31/2019,899,192,15
facebook,R,H001088,2,6565,1/1/2019,,1/3/2019,5/31/2020,1117,84,21
facebook,R,H001089,2,52934,1/1/2019,,1/15/2019,5/29/2020,533,481,141
facebook,D,H001090,2,19335,1/1/2019,,1/3/2019,5/31/2020,1762,168,19
facebook,R,I000024,2,74767,1/1/2019,,1/2/2019,5/30/2020,1016,321,43
facebook,R,I000055,1,160550,1/1/2019,12/30/2019,3/12/2019,5/26/2019,4,658,74
facebook,D,J000032,2,47673,1/1/2019,,1/4/2019,5/31/2020,399,65,11
facebook,D,J000126,1,14646,1/1/2019,,1/3/2019,5/26/2020,124,31,5
facebook,R,J000255,2,16479,1/1/2019,2/9/2019,1/1/2019,2/6/2019,9,107,17
facebook,D,J000288,2,19803,1/1/2019,,1/2/2019,5/31/2020,788,22,7
facebook,R,J000289,1,234113,1/1/2019,,1/9/2019,5/29/2020,432,4770,1332
facebook,R,J000292,2,55364,1/1/2019,,1/1/2019,5/31/2020,630,255,54
facebook,R,J000293,1,30679,1/1/2019,,1/1/2019,5/29/2020,302,445,52
facebook,D,J000294,2,63581,1/1/2019,,1/1/2019,5/31/2020,809,409,80
facebook,R,J000295,2,28612,1/1/2019,,1/1/2019,5/31/2020,630,60,9
facebook,D,J000298,2,65805,1/1/2019,,1/1/2019,5/31/2020,1672,144,24
facebook,R,J000299,2,51720,1/1/2019,,1/3/2019,5/31/2020,1295,299,92
facebook,D,J000300,2,111620,1/1/2019,,1/4/2019,5/30/2020,1029,452,55
facebook,R,J000301,2,15565,1/1/2019,,1/1/2019,5/30/2020,627,98,11
facebook,R,J000302,2,10067,1/1/2019,,1/1/2019,5/30/2020,808,182,25
facebook,D,K000009,2,34171,1/1/2019,,1/3/2019,5/29/2020,508,230,55
facebook,D,K000188,2,40093,1/1/2019,,1/1/2019,5/31/2020,774,105,15
facebook,R,K000210,2,58591,1/1/2019,,1/2/2019,5/31/2020,820,715,148
facebook,R,K000362,2,197156,1/1/2019,,1/1/2019,5/31/2020,2470,1389,2346
facebook,D,K000367,1,321596,1/1/2019,,1/1/2019,5/29/2020,1161,2456,204
facebook,D,K000368,2,62133,1/1/2019,,1/2/2019,5/31/2020,1372,56,9
facebook,D,K000375,2,10107,1/1/2019,,1/1/2019,5/31/2020,258,114,30
facebook,R,K000376,2,24745,1/1/2019,,1/1/2019,5/31/2020,377,164,23
facebook,R,K000378,2,63636,1/1/2019,,1/1/2019,5/29/2020,336,318,80
facebook,D,K000379,2,1656738,1/1/2019,,1/2/2019,5/31/2020,1320,8966,1374
facebook,D,K000380,2,116906,1/1/2019,,1/2/2019,5/31/2020,470,316,93
facebook,D,K000381,2,31114,1/1/2019,,1/1/2019,5/31/2020,1573,125,13
facebook,D,K000382,2,28089,1/1/2019,,1/1/2019,5/30/2020,1665,92,8
facebook,D,K000383,1,40128,1/1/2019,,1/3/2019,5/28/2020,590,425,69
facebook,D,K000384,2,480998,1/1/2019,,1/1/2019,5/31/2020,918,1069,111
facebook,D,K000385,2,40101,1/1/2019,,1/1/2019,5/31/2020,1936,35,15
facebook,R,K000386,2,16039,1/1/2019,,1/3/2019,5/31/2020,760,115,8
facebook,R,K000388,2,13027,1/1/2019,,1/1/2019,5/30/2020,736,86,9
facebook,D,K000389,2,98918,1/1/2019,,1/1/2019,5/31/2020,3656,164,177
facebook,D,K000391,2,39558,1/1/2019,,1/1/2019,5/31/2020,2121,137,24
facebook,R,K000392,2,15794,1/1/2019,,1/1/2019,5/30/2020,906,152,20
facebook,R,K000393,2,79221,1/1/2019,,1/1/2019,5/29/2020,808,447,117
facebook,D,K000394,2,19979,1/1/2019,,1/1/2019,5/31/2020,872,139,14
facebook,R,K000395,2,15458,6/3/2019,,6/5/2019,5/30/2020,1074,120,25
facebook,D,L000174,1,38861,1/1/2019,,1/4/2019,5/29/2020,41,172,17
facebook,D,L000287,2,398617,1/1/2019,,2/20/2019,5/30/2020,31,2893,633
facebook,D,L000397,2,11976,1/1/2019,,1/3/2019,5/22/2020,274,103,16
facebook,D,L000480,2,40567,1/1/2019,,1/1/2019,5/29/2020,273,89,8
facebook,R,L000491,2,46467,1/1/2019,,2/22/2019,5/30/2020,476,84,15
facebook,D,L000551,2,110122,1/1/2019,,1/1/2019,5/31/2020,2824,176,38
facebook,D,L000557,2,15623,1/1/2019,,1/1/2019,5/29/2020,1118,48,9
facebook,D,L000559,2,10358,1/1/2019,,1/1/2019,5/30/2020,731,72,6
facebook,D,L000560,2,26764,1/1/2019,,1/3/2019,5/30/2020,1084,77,6
facebook,D,L000562,2,20607,1/1/2019,,1/1/2019,5/29/2020,542,88,8
facebook,D,L000563,2,7602,1/1/2019,,1/1/2019,5/30/2020,1180,44,4
facebook,R,L000564,2,9633,1/1/2019,,1/6/2019,5/30/2020,386,115,17
facebook,D,L000565,2,16225,1/1/2019,,1/1/2019,5/27/2020,269,79,18
facebook,R,L000566,2,15109,1/1/2019,,1/1/2019,5/28/2020,742,75,9
facebook,R,L000569,2,20302,1/1/2019,,1/1/2019,5/29/2020,385,127,22
facebook,D,L000570,2,44722,1/1/2019,,1/2/2019,5/31/2020,2085,98,16
facebook,R,L000575,2,136862,1/1/2019,,1/3/2019,5/31/2020,789,386,66
facebook,R,L000576,2,25803,1/1/2019,,2/6/2019,4/6/2020,59,232,33
facebook,R,L000577,2,401723,1/1/2019,,1/3/2019,5/27/2020,428,607,109
facebook,R,L000578,2,27907,1/1/2019,,1/1/2019,5/31/2020,665,178,44
facebook,D,L000579,2,48035,1/1/2019,,1/1/2019,5/28/2020,443,197,45
facebook,D,L000581,2,11412,1/1/2019,,1/1/2019,5/31/2020,797,75,14
facebook,D,L000582,2,118006,1/1/2019,,1/1/2019,5/30/2020,944,504,112
facebook,R,L000583,2,48292,1/1/2019,,1/3/2019,5/31/2020,564,134,23
facebook,R,L000585,2,46392,1/1/2019,,1/1/2019,5/30/2020,1027,154,15
facebook,D,L000586,2,5430,1/1/2019,,1/2/2019,5/29/2020,502,45,8
facebook,D,L000588,2,37560,1/1/2019,,1/1/2019,5/31/2020,488,224,22
facebook,R,L000589,2,27085,1/1/2019,,1/1/2019,5/31/2020,1243,263,50
facebook,D,L000590,2,7265,1/1/2019,,1/1/2019,5/29/2020,732,51,6
facebook,D,L000591,2,12846,1/1/2019,,1/1/2019,5/31/2020,2017,100,9
facebook,D,L000592,2,6251,1/1/2019,,1/1/2019,5/31/2020,707,57,6
facebook,D,L000593,2,25807,1/1/2019,,1/1/2019,5/31/2020,1446,129,20
facebook,R,L000594,2,9243,1/1/2020,,1/1/2020,5/31/2020,976,105,7
facebook,D,M000087,2,22241,1/1/2019,,1/2/2019,5/31/2020,1103,53,9
facebook,D,M000133,2,109034,1/1/2019,,1/1/2019,5/31/2020,1694,198,33
facebook,D,M000312,2,32876,1/1/2019,,1/1/2019,5/31/2020,717,115,18
facebook,R,M000355,2,261904,1/1/2019,,1/3/2019,5/29/2020,589,525,70
facebook,D,M000639,2,67728,1/1/2019,,1/1/2019,5/29/2020,1189,178,34
facebook,D,M000687,1,2235,5/5/2020,,5/6/2020,5/31/2020,20,164,39
facebook,R,M000934,2,44118,1/1/2019,,1/2/2019,5/30/2020,735,107,12
facebook,D,M001111,1,215229,1/1/2019,,1/3/2019,5/31/2020,568,1482,236
facebook,D,M001137,1,16917,1/1/2019,,1/1/2019,5/30/2020,466,16,4
facebook,D,M001143,2,30068,1/1/2019,,1/1/2019,5/31/2020,1078,92,15
facebook,R,M001153,1,57321,1/1/2019,,1/1/2019,5/31/2020,1332,127,11
facebook,R,M001156,2,30854,1/1/2019,,1/1/2019,5/29/2020,851,38,4
facebook,R,M001157,2,189638,1/1/2019,,1/1/2019,5/31/2020,776,192,67
facebook,R,M001158,2,19829,1/1/2019,,1/3/2019,5/29/2020,268,88,9
facebook,R,M001159,2,51080,1/1/2019,,1/1/2019,5/31/2020,532,177,24
facebook,D,M001160,2,26090,1/1/2019,,1/3/2019,5/31/2020,1269,75,14
facebook,D,M001163,2,24407,1/1/2019,,1/3/2019,5/31/2020,315,72,7
facebook,R,M001165,2,414407,1/1/2019,,1/2/2019,5/31/2020,1305,2704,490
facebook,D,M001166,2,12105,1/1/2019,,1/1/2019,5/30/2020,298,70,8
facebook,D,M001169,2,501219,1/1/2019,,1/1/2019,5/30/2020,2358,705,115
facebook,D,M001176,2,602123,1/1/2019,,1/1/2019,5/31/2020,1850,1932,497
facebook,R,M001177,2,337042,1/1/2019,,1/4/2019,5/30/2020,233,195,30
facebook,R,M001179,2,19086,1/1/2019,1/22/2019,1/1/2019,1/15/2019,4,222,30
facebook,R,M001180,2,14743,1/1/2019,,1/4/2019,5/30/2020,490,63,17
facebook,D,M001183,1,54901,1/1/2019,,1/2/2019,5/31/2020,1414,175,53
facebook,R,M001184,2,168454,1/1/2019,,1/1/2019,5/29/2020,547,1607,612
facebook,D,M001185,2,44544,1/1/2019,,1/1/2019,5/29/2020,1183,118,23
facebook,R,M001187,2,43201,1/1/2019,3/29/2020,1/3/2019,3/26/2020,321,856,201
facebook,D,M001188,1,12311,1/1/2019,,1/1/2019,5/31/2020,752,55,4
facebook,R,M001190,2,155614,1/1/2019,,1/1/2019,5/30/2020,972,706,162
facebook,R,M001194,2,24833,1/1/2019,,1/1/2019,5/31/2020,635,141,49
facebook,R,M001195,2,8537,1/1/2019,,1/1/2019,5/31/2020,543,82,11
facebook,D,M001196,2,221851,1/1/2019,,1/1/2019,5/31/2020,1289,214,36
facebook,R,M001197,2,148073,1/1/2019,,1/4/2019,5/31/2020,1520,439,61
facebook,R,M001198,2,52111,1/1/2019,,1/1/2019,5/31/2020,1651,183,45
facebook,R,M001199,2,68720,1/1/2019,,1/2/2019,5/31/2020,1528,165,35
facebook,D,M001200,2,13402,1/1/2019,,1/1/2019,5/30/2020,1534,70,11
facebook,R,M001201,2,10898,1/1/2019,,1/2/2019,5/30/2020,781,150,41
facebook,D,M001202,2,24245,1/1/2019,,1/1/2019,5/30/2020,860,108,11
facebook,D,M001203,2,10385,1/1/2019,,1/4/2019,5/31/2020,1030,94,10
facebook,R,M001204,2,19854,1/1/2019,,1/2/2019,5/31/2020,914,87,16
facebook,R,M001205,2,5217,1/1/2019,,1/7/2019,5/30/2020,451,58,11
facebook,D,M001206,2,11326,1/1/2019,,1/1/2019,5/31/2020,1590,86,8
facebook,D,M001207,2,9399,1/1/2019,,1/1/2019,5/31/2020,1697,74,10
facebook,D,M001208,2,21301,1/1/2019,,1/9/2019,5/31/2020,495,107,12
facebook,D,M001209,2,20412,1/1/2019,,1/1/2019,5/31/2020,684,166,10
facebook,R,M001210,2,15133,9/17/2019,,9/17/2019,5/31/2020,359,272,61
facebook,D,N000002,2,37596,1/1/2019,,1/3/2019,5/29/2020,133,209,26
facebook,D,N000015,2,10746,1/1/2019,,1/4/2019,5/30/2020,552,92,11
facebook,D,N000179,1,5664,1/1/2019,,1/4/2019,5/29/2020,154,86,10
facebook,R,N000181,2,122160,1/1/2019,,1/1/2019,5/29/2020,93,426,50
facebook,D,N000188,2,40035,1/1/2019,,1/1/2019,5/31/2020,754,58,10
facebook,R,N000189,2,21467,1/1/2019,,1/1/2019,5/30/2020,981,90,15
facebook,R,N000190,2,40655,1/1/2019,,1/1/2019,5/30/2020,492,414,113
facebook,D,N000191,2,12891,1/1/2019,,1/2/2019,5/30/2020,974,117,10
facebook,R,O000168,2,20819,1/1/2019,,1/1/2019,5/31/2020,1751,42,9
facebook,D,O000171,2,13477,1/1/2019,,1/2/2019,5/31/2020,1658,70,11
facebook,D,O000172,2,1357448,1/1/2019,,1/16/2019,5/31/2020,589,6224,1104
facebook,D,O000173,2,594219,1/1/2019,,1/2/2019,5/31/2020,752,1963,441
facebook,D,P000034,2,22696,1/1/2019,,1/3/2019,5/30/2020,813,46,6
facebook,D,P000096,2,26136,1/1/2019,,1/1/2019,5/31/2020,1405,72,24
facebook,D,P000197,2,1243300,1/1/2019,,1/3/2019,5/31/2020,1253,5557,791
facebook,D,P000258,2,5645,1/1/2019,,1/23/2019,5/31/2020,464,31,5
facebook,R,P000449,2,232205,1/1/2019,,1/3/2019,5/30/2020,299,400,44
facebook,D,P000523,2,16816,1/1/2019,,1/4/2019,5/31/2020,535,238,26
facebook,D,P000593,2,22888,1/1/2019,,1/1/2019,5/31/2020,644,102,17
facebook,D,P000595,2,74020,1/1/2019,,1/1/2019,5/31/2020,1670,304,39
facebook,D,P000597,2,33550,1/1/2019,,1/1/2019,5/31/2020,641,180,22
facebook,R,P000599,2,15007,1/1/2019,,1/1/2019,5/31/2020,117,138,77
facebook,R,P000601,2,56834,1/1/2019,,1/1/2019,5/30/2020,948,131,22
facebook,R,P000603,2,2896237,1/1/2019,,1/1/2019,5/27/2020,448,3055,673
facebook,D,P000604,1,12448,1/1/2019,,1/1/2019,5/29/2020,746,22,5
facebook,R,P000605,2,27162,1/1/2019,,1/1/2019,5/31/2020,874,127,35
facebook,D,P000607,2,42669,1/1/2019,,1/1/2019,5/30/2020,564,172,42
facebook,D,P000608,2,36434,1/1/2019,,1/1/2019,5/31/2020,517,66,9
facebook,R,P000609,2,14987,1/1/2019,,1/1/2019,5/29/2020,346,128,21
facebook,R,P000612,2,91403,1/1/2019,,1/1/2019,5/31/2020,715,319,56
facebook,D,P000613,2,11201,1/1/2019,,1/3/2019,5/31/2020,1788,94,10
facebook,D,P000614,2,10411,1/1/2019,,1/1/2019,5/29/2020,844,50,4
facebook,R,P000615,2,14138,1/1/2019,,1/1/2019,5/31/2020,870,85,9
facebook,D,P000616,2,24046,1/1/2019,,1/3/2019,5/31/2020,717,114,8
facebook,D,P000617,2,93845,1/1/2019,,1/1/2019,5/29/2020,288,420,121
facebook,D,P000618,2,101747,1/1/2019,,1/1/2019,5/29/2020,542,555,113
facebook,D,Q000023,2,19190,1/1/2019,,1/1/2019,5/31/2020,1406,70,9
facebook,D,R000122,1,15615,1/1/2019,,1/7/2019,5/29/2020,335,133,16
facebook,R,R000307,2,31918,1/1/2019,,1/1/2019,5/30/2020,479,86,10
facebook,R,R000395,1,12503,1/1/2019,,1/4/2019,5/30/2020,321,81,27
facebook,D,R000486,2,18489,1/1/2019,,1/1/2019,5/31/2020,1206,33,7
facebook,D,R000515,2,28749,1/1/2019,,1/1/2019,5/29/2020,526,22,9
facebook,R,R000575,2,23277,1/1/2019,,1/2/2019,5/29/2020,945,88,24
facebook,D,R000576,2,15130,1/1/2019,,1/1/2019,5/29/2020,572,104,12
facebook,D,R000577,2,103841,1/1/2019,,1/2/2019,5/30/2020,1080,300,70
facebook,R,R000582,2,26708,1/1/2019,,1/1/2019,5/29/2020,419,102,22
facebook,R,R000584,2,19869,1/1/2019,,4/8/2019,5/27/2020,96,92,10
facebook,R,R000585,2,58242,1/1/2019,,1/1/2019,5/31/2020,1030,84,19
facebook,D,R000588,2,22664,1/1/2019,,1/1/2019,5/31/2020,257,89,15
facebook,R,R000591,2,28328,1/1/2019,,1/1/2019,5/28/2020,474,32,3
facebook,R,R000595,2,1820290,1/1/2019,,1/3/2019,5/29/2020,1816,727,111
facebook,R,R000597,2,18312,1/1/2019,,1/1/2019,5/29/2020,575,92,22
facebook,D,R000599,2,41681,1/1/2019,,1/1/2019,5/31/2020,1309,128,15
facebook,R,R000601,2,63308,1/1/2019,5/21/2020,1/1/2019,4/15/2020,347,317,81
facebook,D,R000602,2,11826,1/1/2019,,1/8/2019,5/30/2020,443,67,10
facebook,R,R000603,2,20556,1/1/2019,,1/1/2019,5/28/2020,355,69,10
facebook,R,R000605,2,17495,1/1/2019,,1/4/2019,5/31/2020,1120,113,10
facebook,D,R000606,2,31762,1/1/2019,,1/2/2019,5/31/2020,432,195,22
facebook,R,R000607,2,19901,1/1/2019,,1/3/2019,5/28/2020,271,81,12
facebook,D,R000608,2,22408,1/1/2019,,1/1/2019,5/31/2020,2391,95,8
facebook,R,R000609,2,7394,1/1/2019,,1/1/2019,5/29/2020,421,212,35
facebook,R,R000610,2,12722,1/1/2019,,1/8/2019,5/31/2020,604,156,33
facebook,R,R000611,2,13097,1/1/2019,,1/1/2019,5/30/2020,1179,87,9
facebook,R,R000612,2,14899,1/1/2019,,1/1/2019,5/29/2020,629,57,6
facebook,D,R000613,2,18682,1/1/2019,,1/2/2019,5/30/2020,1324,127,13
facebook,R,R000614,2,11782,1/1/2019,,1/2/2019,5/31/2020,1272,88,37
facebook,R,R000615,2,19727988,1/1/2019,,1/2/2019,5/31/2020,267,7211,626
facebook,D,R000616,2,16854,1/1/2019,,1/2/2019,5/31/2020,576,121,13
facebook,D,S000033,2,12945119,1/1/2019,,1/1/2019,5/31/2020,13015,7368,1756
facebook,D,S000148,2,524341,1/1/2019,,1/1/2019,5/30/2020,2601,1147,171
facebook,D,S000185,2,19543,1/1/2019,,1/4/2019,5/30/2020,150,82,21
facebook,R,S000244,2,29480,1/1/2019,,1/2/2019,5/19/2020,163,182,28
facebook,D,S000248,1,18331,1/1/2019,,1/1/2019,5/31/2020,279,15,3
facebook,R,S000320,1,28154,1/1/2019,,1/3/2019,5/25/2020,118,228,20
facebook,D,S000344,2,30426,1/1/2019,,1/4/2019,5/31/2020,432,56,4
facebook,R,S000364,2,17123,1/1/2019,,1/1/2019,5/31/2020,858,83,13
facebook,D,S000510,2,16351,1/1/2019,,1/1/2019,5/30/2020,642,55,5
facebook,R,S000522,2,14993,1/1/2019,,1/4/2019,5/27/2020,102,141,22
facebook,D,S000770,2,115326,1/1/2019,,1/1/2019,5/31/2020,627,606,81
facebook,D,S001145,2,46511,1/1/2019,,1/2/2019,5/31/2020,723,139,22
facebook,R,S001148,2,8578,1/1/2019,,1/1/2019,5/30/2020,471,69,10
facebook,D,S001150,2,606853,1/1/2019,,1/2/2019,5/31/2020,891,3084,454
facebook,D,S001156,2,21378,1/1/2019,,1/1/2019,5/31/2020,570,29,5
facebook,D,S001157,2,9039,1/1/2019,,1/16/2019,5/29/2020,293,36,7
facebook,D,S001165,1,6310,1/1/2019,,1/1/2019,5/30/2020,761,27,3
facebook,D,S001168,2,30969,1/1/2019,,1/1/2019,5/31/2020,794,60,6
facebook,R,S001172,2,7935,1/1/2019,,1/4/2019,5/28/2020,307,24,2
facebook,D,S001175,2,46187,1/1/2019,,1/1/2019,5/28/2020,361,232,40
facebook,R,S001176,2,182118,1/1/2019,,1/1/2019,5/31/2020,1064,1070,295
facebook,D,S001180,2,20045,1/1/2019,,1/3/2019,5/29/2020,406,58,5
facebook,D,S001181,2,53160,1/1/2019,,1/2/2019,5/30/2020,1775,110,11
facebook,R,S001183,2,114651,1/1/2019,,1/2/2019,5/31/2020,598,67,11
facebook,R,S001184,1,146859,1/1/2019,,1/1/2019,5/31/2020,452,747,99
facebook,D,S001185,2,44471,1/1/2019,,1/1/2019,5/31/2020,1000,176,44
facebook,R,S001187,2,13807,1/1/2019,,1/1/2019,5/29/2020,443,62,7
facebook,R,S001189,2,54371,1/1/2019,,1/3/2019,5/25/2020,217,226,41
facebook,D,S001190,2,44011,1/1/2019,,1/1/2019,5/31/2020,1347,85,9
facebook,D,S001191,2,137417,1/1/2019,,1/1/2019,5/31/2020,3285,114,9
facebook,R,S001192,2,24297,1/1/2019,,1/1/2019,5/30/2020,598,187,26
facebook,D,S001193,2,87380,1/1/2019,,1/1/2019,5/29/2020,1845,296,43
facebook,D,S001194,2,33415,1/1/2019,,1/4/2019,5/31/2020,301,87,15
facebook,R,S001195,2,121003,1/1/2019,,1/1/2019,5/30/2020,620,397,79
facebook,R,S001196,2,123132,1/1/2019,,1/1/2019,5/31/2020,2004,721,89
facebook,R,S001197,2,107196,1/1/2019,,1/2/2019,5/16/2020,177,545,195
facebook,R,S001198,2,29285,1/1/2019,,1/1/2019,5/30/2020,807,130,20
facebook,R,S001199,2,11357,1/1/2019,,1/1/2019,5/31/2020,1112,118,17
facebook,D,S001200,2,13849,1/1/2019,,1/1/2019,5/31/2020,782,87,18
facebook,D,S001201,2,27773,1/1/2019,,1/1/2019,5/31/2020,1300,105,10
facebook,D,S001203,2,37021,1/1/2019,,1/1/2019,5/30/2020,956,199,17
facebook,D,S001205,2,7796,1/1/2019,,1/1/2019,5/31/2020,1642,107,11
facebook,D,S001206,2,5114,1/1/2019,,1/1/2019,5/31/2020,544,38,4
facebook,D,S001207,2,21440,1/1/2019,,1/1/2019,5/30/2020,1202,100,8
facebook,D,S001208,2,26314,1/1/2019,,1/3/2019,5/29/2020,826,273,41
facebook,D,S001209,2,28727,1/1/2019,,1/2/2019,5/31/2020,1994,143,10
facebook,R,S001210,2,28646,1/1/2019,,1/1/2019,5/31/2020,972,102,18
facebook,D,S001211,2,27605,1/1/2019,,1/1/2019,5/29/2020,828,87,12
facebook,R,S001212,2,13014,1/1/2019,,1/1/2019,5/31/2020,1059,167,18
facebook,R,S001213,2,8258,1/1/2019,,1/1/2019,5/31/2020,1785,62,6
facebook,R,S001214,2,57405,1/1/2019,,1/8/2019,5/30/2020,802,125,24
facebook,D,S001215,2,11183,1/1/2019,,1/1/2019,5/31/2020,1624,71,5
facebook,D,S001216,2,14287,1/1/2019,,1/3/2019,5/31/2020,700,169,18
facebook,R,S001217,2,199909,1/8/2019,,1/8/2019,5/27/2020,167,571,66
facebook,R,T000165,1,4252,5/19/2020,,5/20/2020,5/30/2020,7,532,24
facebook,D,T000193,1,16210,1/1/2019,,1/9/2019,5/29/2020,540,184,33
facebook,R,T000238,2,19443,1/1/2019,,1/3/2019,5/28/2020,221,112,14
facebook,R,T000250,2,183565,1/1/2019,,1/1/2019,5/29/2020,356,372,80
facebook,D,T000460,2,23360,1/1/2019,,1/1/2019,5/31/2020,2088,70,10
facebook,R,T000461,2,188397,1/1/2019,,1/1/2019,5/25/2020,343,458,50
facebook,R,T000463,1,19718,1/1/2019,,1/3/2019,5/28/2020,179,87,18
facebook,D,T000464,2,108586,1/1/2019,,1/3/2019,5/28/2020,544,428,62
facebook,R,T000467,2,7033,1/1/2019,,1/1/2019,5/30/2020,582,42,9
facebook,D,T000468,2,21615,1/1/2019,,1/3/2019,5/29/2020,226,83,13
facebook,D,T000469,2,27129,1/1/2019,,1/2/2019,5/31/2020,1206,78,31
facebook,R,T000470,2,11947,1/1/2019,,1/3/2019,5/30/2020,505,86,20
facebook,D,T000472,2,57590,1/1/2019,,1/1/2019,5/30/2020,760,161,33
facebook,D,T000474,2,29167,1/1/2019,,1/1/2019,5/31/2020,1254,94,17
facebook,R,T000476,2,108589,1/1/2019,,1/1/2019,5/31/2020,1673,273,30
facebook,R,T000479,2,30221,1/1/2019,,1/3/2019,5/27/2020,367,43,5
facebook,R,T000480,2,18560,1/1/2019,,1/3/2019,5/30/2020,344,102,11
facebook,D,T000481,2,77972,1/1/2019,,1/4/2019,5/29/2020,695,284,36
facebook,D,T000482,2,7503,1/1/2019,,1/1/2019,5/31/2020,1530,49,5
facebook,D,T000483,2,29914,1/1/2019,,1/1/2019,5/30/2020,968,43,6
facebook,D,T000484,2,15746,1/1/2019,,1/3/2019,5/31/2020,627,162,22
facebook,R,U000031,2,20534,1/1/2019,,1/3/2019,5/31/2020,404,91,8
facebook,D,U000039,2,102729,1/1/2019,,1/1/2019,5/29/2020,489,298,44
facebook,D,U000040,2,23723,1/1/2019,,1/1/2019,5/29/2020,1135,152,14
facebook,D,V000081,2,37411,1/1/2019,,1/4/2019,5/28/2020,599,62,16
facebook,D,V000108,2,15256,1/1/2019,,1/1/2019,5/25/2020,501,106,15
facebook,D,V000128,2,86002,1/1/2019,,1/1/2019,5/29/2020,774,360,62
facebook,D,V000130,1,5809,1/1/2019,,1/1/2019,5/27/2020,320,77,10
facebook,D,V000131,2,18075,1/1/2019,,1/1/2019,5/29/2020,825,49,8
facebook,D,V000132,1,9642,1/1/2019,,1/1/2019,5/29/2020,374,43,6
facebook,R,V000133,2,25393,1/1/2019,,1/5/2019,5/31/2020,951,121,15
facebook,D,W000187,1,347661,1/1/2019,,1/11/2019,5/29/2020,90,1794,334
facebook,R,W000437,2,120121,1/1/2019,,1/1/2019,5/30/2020,696,142,28
facebook,D,W000779,2,569980,1/1/2019,,1/4/2019,5/30/2020,448,2380,491
facebook,R,W000791,2,73686,1/1/2019,,1/1/2019,5/29/2020,599,99,10
facebook,R,W000795,2,64043,1/1/2019,,1/3/2019,5/31/2020,716,63,7
facebook,D,W000797,2,363627,1/1/2019,,1/2/2019,5/31/2020,1324,217,54
facebook,R,W000798,2,35083,1/1/2019,,1/3/2019,5/28/2020,512,196,34
facebook,D,W000800,2,23117,1/1/2019,,1/2/2019,5/30/2020,209,187,23
facebook,D,W000802,2,47210,1/1/2019,,1/2/2019,5/29/2020,1014,138,49
facebook,R,W000804,2,30698,1/1/2019,,1/2/2019,5/30/2020,841,101,13
facebook,D,W000805,2,104825,1/1/2019,,1/1/2019,5/31/2020,668,593,73
facebook,R,W000806,2,25628,1/1/2019,,1/4/2019,5/30/2020,357,125,24
facebook,D,W000808,2,19736,1/1/2019,,1/3/2019,5/21/2020,201,33,5
facebook,R,W000809,1,2993,1/1/2019,,1/1/2019,4/29/2020,28,192,13
facebook,R,W000810,2,8465,1/1/2019,,1/1/2019,5/28/2020,517,54,8
facebook,R,W000812,2,37431,1/1/2019,,1/1/2019,5/29/2020,493,98,10
facebook,R,W000813,2,34959,1/1/2019,,1/1/2019,5/31/2020,1135,93,11
facebook,R,W000814,2,12165,1/1/2019,,1/1/2019,5/31/2020,533,73,16
facebook,R,W000815,2,31967,1/1/2019,,1/1/2019,5/29/2020,668,148,25
facebook,R,W000816,2,95176,1/1/2019,,1/1/2019,5/29/2020,863,108,20
facebook,D,W000817,3,6767594,1/1/2019,,1/1/2019,5/31/2020,6341,3853,509
facebook,R,W000819,2,51704,1/1/2019,,1/1/2019,5/31/2020,953,212,39
facebook,R,W000821,2,14818,1/1/2019,,1/1/2019,5/30/2020,566,118,28
facebook,D,W000822,2,19289,1/1/2019,,1/4/2019,5/29/2020,314,71,13
facebook,R,W000823,2,9895,1/1/2019,,1/1/2019,5/31/2020,1215,109,19
facebook,R,W000824,2,6093,1/1/2019,,1/1/2019,5/29/2020,696,67,7
facebook,D,W000825,2,19477,1/1/2019,,1/1/2019,5/31/2020,1620,112,10
facebook,D,W000826,2,9549,1/1/2019,,1/2/2019,5/31/2020,1158,84,12
facebook,R,W000827,2,5351,1/1/2019,,1/2/2019,5/30/2020,675,63,12
facebook,R,Y000033,2,20847,1/1/2019,,1/4/2019,5/31/2020,656,149,22
facebook,D,Y000062,2,33589,1/1/2019,,1/1/2019,5/30/2020,285,376,49
facebook,R,Y000064,2,71077,1/1/2019,,1/3/2019,5/30/2020,1432,140,12
facebook,R,Y000065,2,28298,1/1/2019,,1/7/2019,5/29/2020,492,117,22
facebook,R,Z000017,2,55181,1/1/2019,,1/1/2019,5/31/2020,1074,395,67
twitter,R,A000055,1,29492,1/1/2019,,1/8/2019,5/30/2020,590,85,38
twitter,R,A000360,2,133668,1/1/2019,,1/2/2019,5/31/2020,2356,135,33
twitter,R,A000367,3,444875,1/1/2019,,1/1/2019,5/31/2020,2368,7506,1703
twitter,R,A000369,2,17779,1/1/2019,,1/3/2019,5/6/2020,108,34,10
twitter,D,A000370,2,23703,1/1/2019,,1/1/2019,5/31/2020,3196,68,16
twitter,D,A000371,2,16409,1/1/2019,,1/2/2019,5/29/2020,375,61,21
twitter,R,A000372,2,24953,1/1/2019,,1/1/2019,5/28/2020,622,128,40
twitter,R,A000374,2,34320,1/1/2019,,1/1/2019,5/27/2020,1505,166,66
twitter,R,A000375,2,18916,1/1/2019,,1/3/2019,5/31/2020,1147,258,89
twitter,D,A000376,2,40631,1/1/2019,,1/3/2019,5/31/2020,1873,85,18
twitter,R,A000377,2,18923,1/1/2019,,1/2/2019,5/31/2020,2025,254,92
twitter,D,A000378,2,26326,1/1/2019,,1/1/2019,5/30/2020,1283,35,6
twitter,D,B000490,1,21175,1/1/2019,,1/4/2019,5/29/2020,260,9,3
twitter,D,B000574,1,68376,1/1/2019,,1/1/2019,5/29/2020,866,225,52
twitter,R,B000575,2,125924,1/1/2019,,1/1/2019,5/29/2020,2219,83,23
twitter,R,B000755,2,60551,1/1/2019,,1/1/2019,5/31/2020,2737,172,65
twitter,D,B000944,2,519473,1/1/2019,,1/1/2019,5/31/2020,2194,967,288
twitter,R,B001135,1,178114,1/1/2019,,1/1/2019,5/1/2020,287,371,119
twitter,D,B001230,2,172230,1/1/2019,,1/1/2019,5/31/2020,2380,180,61
twitter,R,B001236,2,102174,1/1/2019,,1/1/2019,5/28/2020,1795,77,23
twitter,R,B001243,2,236005,1/1/2019,,1/1/2019,5/31/2020,3246,1590,613
twitter,R,B001248,1,31445,1/1/2019,,1/1/2019,5/31/2020,1264,54,25
twitter,D,B001251,1,21185,1/1/2019,,1/1/2019,5/29/2020,912,63,25
twitter,R,B001257,1,32025,1/1/2019,,1/2/2019,5/31/2020,571,16,7
twitter,R,B001260,1,30360,1/1/2019,,1/2/2019,5/30/2020,473,125,46
twitter,R,B001261,2,145670,1/1/2019,,1/3/2019,5/29/2020,871,676,211
twitter,D,B001267,2,349245,1/1/2019,,1/1/2019,5/30/2020,4658,345,82
twitter,D,B001270,2,128102,1/1/2019,,1/2/2019,5/31/2020,1218,980,287
twitter,R,B001274,2,40112,1/1/2019,,1/3/2019,5/31/2020,1433,118,51
twitter,R,B001275,2,25109,1/1/2019,,1/3/2019,5/30/2020,752,31,9
twitter,D,B001277,1,649150,1/1/2019,,1/1/2019,5/31/2020,2747,1159,394
twitter,D,B001278,1,30920,1/1/2019,,1/1/2019,5/31/2020,2820,25,7
twitter,D,B001281,2,51879,1/1/2019,,1/1/2019,5/31/2020,4352,88,28
twitter,R,B001282,2,28783,1/1/2019,,1/1/2019,5/31/2020,1156,60,23
twitter,R,B001284,2,27299,1/1/2019,,1/2/2019,5/30/2020,1342,28,9
twitter,D,B001285,2,23170,1/1/2019,,1/1/2019,5/29/2020,1835,41,11
twitter,D,B001286,2,46342,1/1/2019,,1/1/2019,5/30/2020,2782,48,15
twitter,D,B001287,2,41769,1/1/2019,,1/1/2019,5/30/2020,1343,48,12
twitter,D,B001288,2,4645382,1/1/2019,,1/1/2019,5/31/2020,4057,2726,463
twitter,R,B001289,2,58494,1/1/2019,,1/1/2019,5/30/2020,4723,150,53
twitter,R,B001291,3,17870,1/1/2019,,1/3/2019,5/31/2020,1410,53,21
twitter,D,B001292,2,91990,1/1/2019,,1/1/2019,5/31/2020,7898,532,180
twitter,R,B001295,2,14992,1/1/2019,,1/3/2019,5/31/2020,714,48,15
twitter,D,B001296,2,47827,1/1/2019,,1/1/2019,5/31/2020,2905,293,76
twitter,R,B001297,2,43684,1/1/2019,,1/8/2019,5/29/2020,751,431,149
twitter,R,B001298,2,18240,1/1/2019,,1/1/2019,5/31/2020,5061,33,11
twitter,R,B001299,2,38888,1/1/2019,,1/1/2019,5/31/2020,3702,219,122
twitter,D,B001300,2,33635,1/1/2019,,1/1/2019,5/31/2020,2054,125,49
twitter,R,B001301,2,9992,1/1/2019,,1/2/2019,5/29/2020,412,58,21
twitter,R,B001302,2,195051,1/1/2019,,1/1/2019,5/31/2020,8598,1346,529
twitter,D,B001303,2,18583,1/1/2019,,1/3/2019,5/31/2020,846,118,30
twitter,D,B001304,2,26065,1/1/2019,,1/1/2019,5/31/2020,1574,96,28
twitter,R,B001305,2,22174,1/1/2019,,1/1/2019,5/30/2020,1366,201,71
twitter,R,B001306,2,11946,1/1/2019,,1/4/2019,5/29/2020,1137,17,5
twitter,R,B001307,2,5650,1/1/2019,,1/3/2019,5/30/2020,383,11,3
twitter,D,B001308,2,22736,1/1/2019,,1/1/2019,5/31/2020,1985,26,5
twitter,R,B001309,2,53354,1/1/2019,,1/1/2019,5/31/2020,5608,102,14
twitter,R,B001310,2,34938,1/1/2019,,1/2/2019,5/29/2020,1443,349,117
twitter,R,B001311,1,16512,9/17/2019,,9/17/2019,5/31/2020,635,319,116
twitter,R,C000059,2,23908,1/1/2019,,1/3/2019,5/31/2020,1447,69,24
twitter,D,C000127,2,242341,1/1/2019,,1/2/2019,5/30/2020,1843,82,24
twitter,D,C000141,2,257261,1/1/2019,,1/1/2019,5/31/2020,1581,148,75
twitter,D,C000174,2,104684,1/1/2019,,1/2/2019,5/31/2020,2089,57,18
twitter,R,C000266,2,36648,1/1/2019,,2/14/2019,5/30/2020,1002,88,34
twitter,D,C000537,2,104169,1/1/2019,,1/3/2019,5/31/2020,1645,515,154
twitter,D,C000754,2,29427,1/1/2019,,1/3/2019,5/30/2020,1660,71,17
twitter,R,C000880,1,112140,1/1/2019,,1/1/2019,5/29/2020,1653,89,24
twitter,D,C000984,2,523278,1/1/2019,10/16/2019,1/2/2019,10/11/2019,940,6112,1584
twitter,R,C001035,2,554650,1/1/2019,,1/1/2019,5/31/2020,828,546,100
twitter,R,C001047,2,88723,1/1/2019,,1/1/2019,5/31/2020,2579,122,32
twitter,D,C001049,1,11533,1/1/2019,,1/1/2019,5/31/2020,7830,12,4
twitter,R,C001051,2,25885,1/1/2019,,1/1/2019,5/30/2020,1371,23,9
twitter,R,C001053,1,26789,1/1/2019,,1/9/2019,5/31/2020,630,79,28
twitter,D,C001055,2,5542,1/1/2019,,1/7/2019,5/30/2020,855,8,2
twitter,R,C001056,2,282573,1/1/2019,,1/1/2019,5/31/2020,8019,412,140
twitter,D,C001059,1,22244,1/1/2019,,1/2/2019,5/30/2020,664,17,5
twitter,D,C001061,2,47913,1/1/2019,,1/2/2019,5/31/2020,1932,85,28
twitter,R,C001062,1,25694,1/1/2019,,1/4/2019,5/8/2020,191,76,27
twitter,D,C001063,2,25794,1/1/2019,,1/3/2019,5/31/2020,924,16,5
twitter,D,C001066,2,23458,1/1/2019,,1/1/2019,5/31/2020,3575,22,7
twitter,D,C001067,2,74454,1/1/2019,,1/1/2019,5/31/2020,1657,68,20
twitter,D,C001068,2,74861,1/1/2019,,1/1/2019,5/31/2020,3470,361,123
twitter,D,C001069,2,25989,1/1/2019,,1/1/2019,5/31/2020,1368,18,6
twitter,D,C001070,2,428096,1/1/2019,,1/3/2019,5/31/2020,2830,501,142
twitter,D,C001072,2,53315,1/1/2019,,1/1/2019,5/30/2020,918,154,46
twitter,R,C001075,2,72331,1/1/2019,,1/1/2019,5/31/2020,2728,224,68
twitter,D,C001078,2,59932,1/1/2019,,1/1/2019,5/31/2020,1277,208,87
twitter,D,C001080,2,74496,1/1/2019,,1/2/2019,5/29/2020,1210,214,80
twitter,D,C001084,2,144305,1/1/2019,,1/1/2019,5/31/2020,5235,1577,376
twitter,R,C001087,2,30688,1/1/2019,,1/1/2019,5/30/2020,1786,114,44
twitter,D,C001088,1,161756,1/1/2019,,1/2/2019,5/31/2020,3274,175,49
twitter,D,C001090,2,17094,1/1/2019,,1/7/2019,5/29/2020,624,26,9
twitter,D,C001091,2,278099,1/1/2019,,1/1/2019,5/31/2020,11311,1658,383
twitter,R,C001092,2,20532,1/1/2019,9/30/2019,1/1/2019,9/24/2019,284,10,2
twitter,R,C001093,2,425382,1/1/2019,,1/1/2019,5/31/2020,1975,3938,1470
twitter,R,C001094,2,19048,1/1/2019,,1/11/2019,5/28/2020,58,26,10
twitter,R,C001095,2,364929,1/1/2019,,1/1/2019,5/30/2020,1923,1503,618
twitter,R,C001096,2,35971,1/1/2019,,1/3/2019,5/31/2020,2137,129,47
twitter,D,C001097,2,22699,1/1/2019,,1/3/2019,5/31/2020,1246,30,10
twitter,R,C001098,2,5272289,1/1/2019,,1/1/2019,5/31/2020,8601,4322,1235
twitter,D,C001101,2,84058,1/1/2019,,1/1/2019,5/31/2020,2572,228,66
twitter,R,C001103,3,35794,1/1/2019,,1/2/2019,5/31/2020,968,108,48
twitter,R,C001108,1,15463,1/1/2019,,1/3/2019,5/29/2020,271,115,24
twitter,R,C001109,2,196584,1/1/2019,,1/1/2019,5/30/2020,845,2949,913
twitter,D,C001110,1,10058,1/1/2019,,1/3/2019,5/20/2020,325,41,13
twitter,D,C001111,2,44976,1/1/2019,,1/2/2019,5/31/2020,1162,31,11
twitter,D,C001112,2,13474,1/1/2019,,1/1/2019,5/31/2020,1933,25,7
twitter,D,C001113,2,74274,1/1/2019,,1/1/2019,5/30/2020,3335,47,14
twitter,R,C001114,2,13076,1/1/2019,,1/1/2019,5/29/2020,1799,31,15
twitter,R,C001115,2,10030,1/1/2019,,1/11/2019,5/30/2020,351,208,74
twitter,D,C001117,2,46203,1/1/2019,,1/1/2019,5/31/2020,4620,240,53
twitter,R,C001118,2,20376,1/1/2019,,1/2/2019,5/31/2020,803,77,32
twitter,D,C001119,2,38831,1/1/2019,,1/1/2019,5/31/2020,2159,50,11
twitter,R,C001120,2,1530886,1/1/2019,,1/2/2019,5/31/2020,1990,12687,3239
twitter,D,C001121,2,61312,1/1/2019,,1/1/2019,5/30/2020,2013,163,42
twitter,D,C001122,2,63076,1/1/2019,,1/1/2019,5/29/2020,1938,280,75
twitter,D,C001123,2,25402,1/1/2019,,1/1/2019,5/31/2020,2539,32,10
twitter,D,C001124,2,14553,1/1/2019,,1/1/2019,5/31/2020,1658,29,8
twitter,D,D000096,1,14764,1/1/2019,,1/1/2019,5/31/2020,1415,18,7
twitter,D,D000191,2,36400,1/1/2019,,1/2/2019,5/31/2020,753,99,32
twitter,D,D000197,2,54388,1/1/2019,,1/1/2019,5/31/2020,1471,160,60
twitter,D,D000216,2,47952,1/1/2019,,1/2/2019,5/30/2020,1296,43,12
twitter,D,D000399,2,38351,1/1/2019,,1/1/2019,5/31/2020,3998,37,13
twitter,D,D000482,2,20982,1/1/2019,,1/1/2019,5/31/2020,1370,18,6
twitter,D,D000563,2,681777,1/1/2019,,1/1/2019,5/31/2020,5653,393,134
twitter,D,D000598,1,23610,1/1/2019,,1/3/2019,5/31/2020,386,42,11
twitter,R,D000600,2,62747,1/1/2019,,1/1/2019,5/31/2020,2098,228,137
twitter,D,D000610,1,69320,1/1/2019,,1/2/2019,5/31/2020,2763,345,106
twitter,R,D000614,2,61120,1/1/2019,9/22/2019,1/1/2019,9/20/2019,1218,168,45
twitter,R,D000615,2,64918,1/1/2019,,1/1/2019,5/30/2020,2135,186,59
twitter,R,D000616,2,21181,1/1/2019,,1/3/2019,5/31/2020,1573,58,27
twitter,D,D000617,2,31575,1/1/2019,,1/1/2019,5/30/2020,1981,26,6
twitter,R,D000618,2,64629,1/1/2019,,1/1/2019,5/30/2020,1153,387,96
twitter,R,D000619,2,26580,1/1/2019,,1/1/2019,5/29/2020,1378,26,8
twitter,D,D000622,2,620064,1/1/2019,,1/1/2019,5/31/2020,3080,952,253
twitter,D,D000623,2,18165,1/1/2019,,1/2/2019,5/30/2020,2748,28,7
twitter,D,D000624,2,109698,1/1/2019,,1/3/2019,5/31/2020,2123,493,105
twitter,R,D000626,1,20687,1/1/2019,,1/2/2019,5/31/2020,1601,110,38
twitter,D,D000627,2,148219,1/1/2019,,1/1/2019,5/31/2020,4859,1147,340
twitter,R,D000628,2,10266,1/1/2019,,1/3/2019,5/30/2020,646,25,8
twitter,D,D000629,2,182097,1/1/2019,,1/2/2019,5/29/2020,1513,482,91
twitter,D,D000630,2,42962,1/1/2019,,1/1/2019,5/30/2020,4212,62,11
twitter,D,D000631,2,42563,1/1/2019,,1/2/2019,5/29/2020,2014,544,121
twitter,D,E000179,1,51923,1/1/2019,,1/1/2019,5/30/2020,1592,172,65
twitter,D,E000215,2,47638,1/1/2019,,1/11/2019,5/30/2020,396,49,12
twitter,R,E000285,1,102615,1/1/2019,,1/7/2019,5/30/2020,532,50,15
twitter,R,E000294,2,24114,1/1/2019,,1/2/2019,5/31/2020,1126,22,4
twitter,R,E000295,3,143283,1/1/2019,,1/1/2019,5/31/2020,3435,208,56
twitter,D,E000296,2,20319,1/1/2019,,1/1/2019,5/31/2020,8341,44,18
twitter,D,E000297,3,32516,1/1/2019,,1/1/2019,5/31/2020,3836,47,17
twitter,R,E000298,2,7520,1/1/2019,,1/1/2019,5/30/2020,897,51,15
twitter,D,E000299,2,100043,1/1/2019,,1/1/2019,5/31/2020,4949,328,92
twitter,D,F000062,1,1432611,1/1/2019,,1/1/2019,5/31/2020,2072,1452,430
twitter,R,F000449,1,23146,1/1/2019,,1/3/2019,5/30/2020,505,25,9
twitter,R,F000450,2,28637,1/1/2019,,1/3/2019,5/31/2020,916,168,61
twitter,D,F000454,2,44872,1/1/2019,,1/3/2019,5/31/2020,1633,39,10
twitter,D,F000455,2,49352,1/1/2019,,1/1/2019,5/31/2020,1240,58,25
twitter,R,F000459,2,21303,1/1/2019,,1/1/2019,5/31/2020,1425,83,29
twitter,R,F000461,2,24893,1/1/2019,,1/1/2019,5/31/2020,4511,18,8
twitter,D,F000462,2,33087,1/1/2019,,1/1/2019,5/31/2020,1708,61,15
twitter,R,F000463,2,100503,1/1/2019,,1/1/2019,5/31/2020,1387,164,46
twitter,R,F000465,2,9674,1/1/2019,,1/2/2019,5/29/2020,483,45,14
twitter,R,F000466,2,16537,1/1/2019,,1/3/2019,5/31/2020,1114,23,4
twitter,D,F000467,2,36582,1/1/2019,,1/2/2019,5/30/2020,1144,200,32
twitter,D,F000468,2,30694,1/1/2019,,1/3/2019,5/31/2020,1528,38,8
twitter,R,F000469,2,7765,1/1/2019,,1/4/2019,5/30/2020,704,73,30
twitter,R,G000061,1,47910,5/19/2020,,5/19/2020,5/25/2020,3,9095,1871
twitter,R,G000359,1,1659038,1/1/2019,,1/1/2019,5/30/2020,2267,9095,2255
twitter,R,G000377,1,24770,1/1/2019,,1/4/2019,5/31/2020,642,46,15
twitter,R,G000386,3,614186,1/1/2019,,1/1/2019,5/31/2020,4083,756,246
twitter,R,G000546,1,14783,1/1/2019,,1/2/2019,5/29/2020,1167,55,23
twitter,D,G000551,2,41973,1/1/2019,,1/1/2019,5/31/2020,1974,86,40
twitter,R,G000552,1,322936,1/1/2019,,1/2/2019,5/30/2020,1075,829,282
twitter,D,G000553,2,77871,1/1/2019,,1/1/2019,5/31/2020,638,1127,338
twitter,D,G000555,2,1532737,1/1/2019,,1/3/2019,5/30/2020,3132,1658,303
twitter,R,G000558,2,23876,1/1/2019,,1/15/2019,5/28/2020,210,23,7
twitter,D,G000559,2,34863,1/1/2019,,1/1/2019,5/29/2020,1784,20,7
twitter,R,G000560,2,26104,1/1/2019,,1/1/2019,5/30/2020,752,35,13
twitter,R,G000562,2,166058,1/1/2019,,1/1/2019,5/30/2020,1508,262,117
twitter,R,G000563,2,39291,1/1/2019,,1/3/2019,5/29/2020,432,51,28
twitter,R,G000565,1,114720,1/1/2019,,1/3/2019,5/30/2020,3298,1087,393
twitter,R,G000568,2,33388,1/1/2019,,1/7/2019,5/31/2020,372,77,43
twitter,D,G000571,2,1069080,1/1/2019,,1/1/2019,5/28/2020,2671,3670,844
twitter,D,G000574,2,130157,1/1/2019,,1/1/2019,5/30/2020,4510,343,78
twitter,R,G000576,2,10719,1/1/2019,,1/2/2019,5/29/2020,1429,21,10
twitter,R,G000577,2,18962,1/1/2019,,1/7/2019,5/30/2020,794,13,3
twitter,R,G000578,2,1274871,1/1/2019,,1/1/2019,5/31/2020,6703,5291,1715
twitter,R,G000579,2,26359,1/1/2019,,1/2/2019,5/29/2020,1503,117,65
twitter,D,G000581,2,6847,1/1/2019,,1/3/2019,5/29/2020,910,29,8
twitter,D,G000583,2,18641,1/1/2019,,1/1/2019,5/31/2020,3407,11,2
twitter,R,G000584,2,,1/1/2019,,6/14/2019,7/10/2019,14,38,9
twitter,D,G000585,2,29878,1/1/2019,,1/1/2019,5/31/2020,3677,49,14
twitter,D,G000586,2,26276,1/1/2019,,1/1/2019,5/31/2020,2938,51,13
twitter,D,G000587,2,64431,1/1/2019,,1/1/2019,5/31/2020,3971,225,70
twitter,R,G000588,2,16598,1/1/2019,,1/1/2019,5/31/2020,1309,85,26
twitter,R,G000589,2,12250,1/1/2019,,1/10/2019,5/31/2020,1008,251,98
twitter,R,G000590,2,51625,1/1/2019,,1/1/2019,5/30/2020,1962,566,220
twitter,R,G000591,2,7491,1/1/2019,,1/1/2019,5/31/2020,810,58,15
twitter,D,G000592,2,16457,1/1/2019,,1/3/2019,5/28/2020,702,33,8
twitter,D,H000324,2,28179,1/1/2019,,1/1/2019,5/31/2020,1467,17,7
twitter,D,H000874,2,135789,1/1/2019,,1/1/2019,5/31/2020,4080,67,26
twitter,D,H001038,2,25585,1/1/2019,,1/3/2019,5/31/2020,1674,14,5
twitter,D,H001042,2,454166,1/1/2019,,1/3/2019,5/30/2020,702,3566,1064
twitter,D,H001046,2,200777,1/1/2019,,1/1/2019,5/30/2020,1494,193,59
twitter,D,H001047,1,110961,1/1/2019,,1/1/2019,5/31/2020,1640,705,172
twitter,R,H001048,2,19667,1/1/2019,1/12/2020,1/3/2019,1/7/2020,315,71,24
twitter,R,H001052,1,19782,1/1/2019,,1/1/2019,5/25/2020,276,301,176
twitter,R,H001053,1,30958,1/1/2019,,1/1/2019,5/30/2020,1007,250,102
twitter,R,H001056,2,24626,1/1/2019,,1/1/2019,5/28/2020,744,20,5
twitter,R,H001058,2,26023,1/1/2019,,1/1/2019,5/30/2020,1668,44,14
twitter,R,H001061,1,105625,1/1/2019,,1/3/2019,5/29/2020,919,97,23
twitter,D,H001064,2,41333,1/1/2019,,1/2/2019,5/30/2020,873,164,41
twitter,R,H001065,2,18422,1/1/2019,,1/1/2019,5/4/2020,181,98,52
twitter,D,H001066,2,23235,1/1/2019,,1/1/2019,5/31/2020,2518,21,7
twitter,R,H001067,2,23961,1/1/2019,,1/1/2019,5/29/2020,1246,71,22
twitter,D,H001068,2,47164,1/1/2019,,1/1/2019,5/31/2020,5575,101,23
twitter,R,H001071,2,68061,1/1/2019,,1/2/2019,5/31/2020,1794,665,246
twitter,R,H001072,2,22280,1/1/2019,,1/1/2019,5/31/2020,1612,56,33
twitter,R,H001073,1,70372,1/1/2019,,1/2/2019,5/31/2020,687,568,179
twitter,R,H001074,1,11797,1/1/2019,,1/8/2019,5/26/2020,376,23,7
twitter,D,H001075,2,4973516,1/1/2019,,1/1/2019,5/31/2020,6250,10278,2262
twitter,D,H001076,2,160441,1/1/2019,,1/2/2019,5/30/2020,2209,43,16
twitter,R,H001077,2,14325,1/1/2019,,1/3/2019,5/27/2020,447,109,41
twitter,R,H001079,2,31667,1/1/2019,,1/3/2019,5/31/2020,1607,88,28
twitter,D,H001080,2,162841,1/1/2019,,1/1/2019,5/31/2020,4887,320,71
twitter,D,H001081,2,73802,1/1/2019,,1/1/2019,5/31/2020,2183,91,19
twitter,R,H001082,2,6410,1/1/2019,,1/2/2019,5/29/2020,463,92,38
twitter,D,H001083,2,24371,1/1/2019,,1/2/2019,5/31/2020,965,101,14
twitter,D,H001085,2,41049,1/1/2019,,1/1/2019,5/29/2020,1576,71,17
twitter,D,H001087,2,161919,1/1/2019,11/2/2019,1/1/2019,11/2/2019,2224,854,198
twitter,R,H001088,2,8100,1/1/2019,,1/5/2019,5/30/2020,1052,17,6
twitter,R,H001089,2,215194,1/1/2019,,1/1/2019,5/31/2020,3197,1585,723
twitter,D,H001090,2,32717,1/1/2019,,1/2/2019,5/31/2020,1984,102,32
twitter,R,I000024,2,83321,1/1/2019,,1/1/2019,5/30/2020,1375,318,98
twitter,R,I000055,1,70253,1/1/2019,12/30/2019,1/1/2019,12/29/2019,1118,79,25
twitter,D,J000032,1,89610,1/1/2019,,1/4/2019,5/31/2020,3924,110,35
twitter,D,J000126,1,34478,1/1/2019,,1/3/2019,5/27/2020,441,52,14
twitter,R,J000255,1,24332,1/1/2019,2/9/2019,1/1/2019,2/5/2019,8,42,11
twitter,D,J000288,2,48407,1/1/2019,,1/1/2019,5/31/2020,1637,88,28
twitter,R,J000289,1,1380944,1/1/2019,,1/1/2019,5/29/2020,1257,27400,9545
twitter,R,J000292,2,45279,1/1/2019,,1/1/2019,5/31/2020,1084,69,26
twitter,R,J000293,2,142317,1/1/2019,,1/1/2019,5/29/2020,1023,366,127
twitter,D,J000294,2,265308,1/1/2019,,1/1/2019,5/31/2020,915,4528,1244
twitter,R,J000295,2,25042,1/1/2019,,1/1/2019,5/31/2020,1055,21,7
twitter,D,J000298,2,368534,1/1/2019,,1/1/2019,5/31/2020,8520,697,166
twitter,R,J000299,2,65665,1/1/2019,,1/4/2019,5/30/2020,1844,757,255
twitter,D,J000300,2,268683,1/1/2019,,1/4/2019,5/31/2020,1191,1383,314
twitter,R,J000301,2,12512,1/1/2019,,1/1/2019,5/30/2020,972,141,42
twitter,R,J000302,2,10494,1/1/2019,,1/3/2019,5/30/2020,929,147,51
twitter,D,K000009,2,24799,1/1/2019,,1/3/2019,5/29/2020,785,43,12
twitter,D,K000188,2,21171,1/1/2019,,1/3/2019,5/27/2020,345,14,3
twitter,R,K000210,2,40983,1/1/2019,,1/6/2019,5/31/2020,471,765,209
twitter,R,K000362,1,122999,1/1/2019,,1/1/2019,5/28/2020,510,636,245
twitter,D,K000367,2,1117581,1/1/2019,,1/1/2019,5/31/2020,4219,3682,697
twitter,D,K000368,2,16986,1/1/2019,,1/1/2019,5/31/2020,2083,30,10
twitter,D,K000375,2,21987,1/1/2019,,1/1/2019,5/30/2020,255,52,17
twitter,R,K000376,2,24284,1/1/2019,,1/1/2019,5/31/2020,543,1299,428
twitter,R,K000378,2,79651,1/1/2019,,1/1/2019,5/31/2020,654,1226,300
twitter,D,K000379,2,894097,1/1/2019,,1/2/2019,5/31/2020,3074,2539,687
twitter,D,K000380,2,49352,1/1/2019,,1/1/2019,5/31/2020,1240,266,64
twitter,D,K000381,2,29268,1/1/2019,,1/1/2019,5/30/2020,2052,22,4
twitter,D,K000382,2,28385,1/1/2019,,1/1/2019,5/29/2020,1729,49,11
twitter,D,K000383,1,225488,1/1/2019,,1/3/2019,5/29/2020,998,287,78
twitter,D,K000384,1,989931,1/1/2019,,1/4/2019,5/30/2020,703,1834,440
twitter,D,K000385,2,36305,1/1/2019,,1/1/2019,5/31/2020,3001,27,10
twitter,R,K000386,1,18317,1/1/2019,,1/3/2019,5/31/2020,549,16,4
twitter,R,K000388,1,10903,1/1/2019,,1/1/2019,5/28/2020,883,86,25
twitter,D,K000389,2,286470,1/1/2019,,1/1/2019,5/31/2020,8713,671,202
twitter,D,K000391,2,71055,1/1/2019,,1/1/2019,5/31/2020,2302,130,36
twitter,R,K000392,2,13042,1/1/2019,,1/1/2019,5/30/2020,1025,72,22
twitter,R,K000393,1,134431,1/1/2019,,1/1/2019,5/29/2020,863,728,219
twitter,D,K000394,2,27758,1/1/2019,,1/1/2019,5/31/2020,1506,40,9
twitter,R,K000395,2,10654,6/3/2019,,6/4/2019,5/30/2020,1343,273,100
twitter,D,L000174,1,202976,1/1/2019,,1/3/2019,5/31/2020,2676,517,192
twitter,D,L000287,1,1165058,1/1/2019,,1/18/2019,5/30/2020,105,22604,4771
twitter,D,L000397,2,68750,1/1/2019,,1/3/2019,5/22/2020,566,390,142
twitter,D,L000480,2,38125,1/1/2019,,1/1/2019,5/29/2020,998,57,14
twitter,R,L000491,2,22069,1/1/2019,,1/3/2019,5/30/2020,678,29,12
twitter,D,L000551,2,302050,1/1/2019,,1/1/2019,5/31/2020,4941,508,144
twitter,D,L000557,2,29557,1/1/2019,,1/3/2019,5/29/2020,1524,12,5
twitter,D,L000559,2,27936,1/1/2019,,1/1/2019,5/30/2020,1669,37,11
twitter,D,L000560,2,23692,1/1/2019,,1/2/2019,5/31/2020,2565,21,7
twitter,D,L000562,2,28728,1/1/2019,,1/1/2019,5/29/2020,1040,20,5
twitter,D,L000563,2,19435,1/1/2019,,1/1/2019,5/30/2020,1744,35,16
twitter,R,L000564,1,31821,1/1/2019,,1/3/2019,5/30/2020,902,388,142
twitter,D,L000565,2,12717,1/1/2019,,1/1/2019,5/27/2020,348,31,8
twitter,R,L000566,2,40786,1/1/2019,,1/1/2019,5/30/2020,1144,21,6
twitter,R,L000569,2,14633,1/1/2019,,1/1/2019,5/29/2020,429,24,8
twitter,D,L000570,2,34614,1/1/2019,,1/2/2019,5/31/2020,3629,44,15
twitter,R,L000575,2,99874,1/1/2019,,1/3/2019,5/31/2020,1722,182,53
twitter,R,L000576,2,34310,1/1/2019,,1/1/2019,5/30/2020,20560,34,13
twitter,R,L000577,2,584688,1/1/2019,,1/3/2019,5/25/2020,494,1159,284
twitter,R,L000578,2,23821,1/1/2019,,1/1/2019,5/29/2020,874,232,89
twitter,D,L000579,2,34154,1/1/2019,,1/1/2019,5/31/2020,2119,46,16
twitter,D,L000581,2,26462,1/1/2019,,1/1/2019,5/31/2020,1651,33,8
twitter,D,L000582,2,1464357,1/1/2019,,1/1/2019,5/31/2020,6698,8539,2464
twitter,R,L000583,1,25681,1/1/2019,,1/1/2019,5/31/2020,708,166,90
twitter,R,L000585,2,17875,1/1/2019,,1/2/2019,5/30/2020,1121,126,42
twitter,D,L000586,2,11404,1/1/2019,,1/3/2019,5/31/2020,671,12,4
twitter,D,L000588,2,102366,1/1/2019,,1/2/2019,5/31/2020,582,330,82
twitter,R,L000589,2,102706,1/1/2019,,1/1/2019,5/31/2020,2869,566,195
twitter,D,L000590,2,24239,1/1/2019,,1/2/2019,5/31/2020,4223,30,12
twitter,D,L000591,2,55566,1/1/2019,,1/3/2019,5/31/2020,2831,117,30
twitter,D,L000592,2,25689,1/1/2019,,1/1/2019,5/30/2020,1631,250,53
twitter,D,L000593,2,126882,1/1/2019,,1/1/2019,5/31/2020,3279,673,204
twitter,R,L000594,2,53856,1/1/2020,,1/1/2020,5/31/2020,1452,256,67
twitter,D,M000087,2,80262,1/1/2019,,1/2/2019,5/31/2020,7925,197,65
twitter,D,M000133,2,231640,1/1/2019,,1/1/2019,5/31/2020,4816,412,106
twitter,D,M000312,2,91709,1/1/2019,,1/1/2019,5/31/2020,2906,584,278
twitter,R,M000355,2,130756,1/1/2019,,1/3/2019,5/29/2020,3320,165,43
twitter,D,M000639,2,194015,1/1/2019,,1/1/2019,5/29/2020,4214,125,67
twitter,D,M000687,1,1277,5/5/2020,,5/6/2020,5/30/2020,19,12,2
twitter,R,M000934,1,110034,1/1/2019,,1/2/2019,5/30/2020,1324,154,42
twitter,D,M001111,2,464120,1/1/2019,,1/2/2019,5/31/2020,5219,240,83
twitter,D,M001137,1,29910,1/1/2019,,1/1/2019,5/31/2020,1892,27,9
twitter,D,M001143,2,38218,1/1/2019,,1/1/2019,5/31/2020,3197,47,16
twitter,R,M001153,1,293326,1/1/2019,,1/2/2019,5/31/2020,3113,117,22
twitter,R,M001156,2,31387,1/1/2019,,1/1/2019,5/30/2020,945,36,14
twitter,R,M001157,2,41464,1/1/2019,,1/1/2019,5/31/2020,1850,70,36
twitter,R,M001158,2,27966,1/1/2019,,1/4/2019,3/27/2020,35,21,13
twitter,R,M001159,2,52447,1/1/2019,,1/1/2019,5/27/2020,1192,60,25
twitter,D,M001160,2,41022,1/1/2019,,1/2/2019,5/31/2020,2902,45,16
twitter,D,M001163,2,39807,1/1/2019,,1/3/2019,5/31/2020,714,35,9
twitter,R,M001165,1,69350,1/1/2019,,2/12/2019,5/30/2020,158,2965,929
twitter,D,M001166,2,29298,1/1/2019,,1/1/2019,5/30/2020,373,23,8
twitter,D,M001169,2,928548,1/1/2019,,1/1/2019,5/31/2020,4249,6014,1723
twitter,D,M001176,2,570021,1/1/2019,,1/1/2019,5/31/2020,3603,1329,496
twitter,R,M001177,2,23493,1/1/2019,,1/7/2019,5/29/2020,271,75,26
twitter,R,M001179,1,21561,1/1/2019,1/22/2019,1/3/2019,1/10/2019,6,113,33
twitter,R,M001180,1,31530,1/1/2019,,1/10/2019,5/30/2020,1056,7,2
twitter,D,M001183,1,199027,1/1/2019,,1/2/2019,5/31/2020,2165,174,38
twitter,R,M001184,1,139202,1/1/2019,,1/1/2019,5/30/2020,3265,847,235
twitter,D,M001185,2,123373,1/1/2019,,1/1/2019,5/31/2020,2209,552,127
twitter,R,M001187,3,597384,1/1/2019,3/29/2020,1/2/2019,3/10/2020,1944,15900,5848
twitter,D,M001188,2,54143,1/1/2019,,1/1/2019,5/31/2020,4200,115,26
twitter,R,M001190,2,25184,1/1/2019,,1/2/2019,5/30/2020,1213,71,26
twitter,R,M001194,2,13079,1/1/2019,,1/3/2019,5/31/2020,109,9,4
twitter,R,M001195,2,18334,1/1/2019,,1/2/2019,5/31/2020,751,242,97
twitter,D,M001196,2,156961,1/1/2019,,1/1/2019,5/31/2020,3095,217,41
twitter,R,M001197,2,159971,1/1/2019,,1/1/2019,5/31/2020,2060,697,193
twitter,R,M001198,1,7028,1/1/2019,,1/2/2019,5/31/2020,1214,55,17
twitter,R,M001199,2,39827,1/1/2019,,1/2/2019,5/31/2020,1862,92,30
twitter,D,M001200,2,16633,1/1/2019,,1/1/2019,5/31/2020,2128,34,9
twitter,R,M001201,1,8665,1/1/2019,,1/2/2019,5/31/2020,908,65,18
twitter,D,M001202,2,34418,1/1/2019,,1/1/2019,5/30/2020,2125,60,16
twitter,D,M001203,2,41174,1/1/2019,,1/2/2019,5/31/2020,1865,314,97
twitter,R,M001204,2,14076,1/1/2019,,1/3/2019,5/29/2020,821,286,99
twitter,R,M001205,2,10864,1/1/2019,,1/3/2019,5/30/2020,805,91,28
twitter,D,M001206,2,8957,1/1/2019,,1/3/2019,5/31/2020,1988,18,4
twitter,D,M001207,2,43187,1/1/2019,,1/1/2019,5/31/2020,5033,83,28
twitter,D,M001208,3,155453,1/1/2019,,1/3/2019,5/31/2020,1239,952,186
twitter,D,M001209,2,34095,1/1/2019,,1/3/2019,5/31/2020,941,64,13
twitter,R,M001210,2,14724,9/17/2019,,9/17/2019,5/31/2020,296,660,242
twitter,D,N000002,2,387009,1/1/2019,,1/2/2019,5/30/2020,1574,3161,974
twitter,D,N000015,2,33494,1/1/2019,,1/1/2019,5/30/2020,883,87,25
twitter,D,N000179,1,36250,1/1/2019,,1/3/2019,5/29/2020,915,18,7
twitter,R,N000181,2,1151316,1/1/2019,,1/1/2019,5/31/2020,1071,11213,4271
twitter,D,N000188,2,13011,1/1/2019,,1/1/2019,5/31/2020,1289,9,3
twitter,R,N000189,1,14747,1/1/2019,,1/3/2019,5/29/2020,1000,16,6
twitter,R,N000190,2,14355,1/1/2019,,1/1/2019,5/30/2020,684,210,74
twitter,D,N000191,2,54254,1/1/2019,,1/1/2019,5/30/2020,3525,167,41
twitter,R,O000168,2,25766,1/1/2019,,1/1/2019,5/31/2020,3350,25,8
twitter,D,O000171,2,25377,1/1/2019,,1/2/2019,5/31/2020,1939,15,4
twitter,D,O000172,2,7241799,1/1/2019,,1/1/2019,5/31/2020,4527,45570,8559
twitter,D,O000173,2,2752292,1/1/2019,,1/1/2019,5/31/2020,7928,9880,1847
twitter,D,P000034,2,41292,1/1/2019,,1/1/2019,5/31/2020,3285,26,11
twitter,D,P000096,3,61773,1/1/2019,,1/1/2019,5/31/2020,5005,222,71
twitter,D,P000197,2,5209170,1/1/2019,,1/1/2019,5/31/2020,5372,13579,3669
twitter,R,P000449,2,170109,1/1/2019,,1/1/2019,5/30/2020,4088,90,31
twitter,D,P000523,1,33644,1/1/2019,,1/2/2019,5/31/2020,1455,186,56
twitter,D,P000593,2,38364,1/1/2019,,1/1/2019,5/31/2020,2039,27,7
twitter,D,P000595,2,138852,1/1/2019,,1/1/2019,5/31/2020,2240,116,34
twitter,D,P000597,1,28432,1/1/2019,,1/2/2019,5/30/2020,1285,44,11
twitter,R,P000599,1,25155,1/1/2019,,4/10/2019,5/30/2020,84,31,25
twitter,R,P000601,2,20754,1/1/2019,,1/3/2019,5/31/2020,1789,50,22
twitter,R,P000603,2,2889986,1/1/2019,,1/1/2019,5/28/2020,1260,9240,2783
twitter,D,P000604,1,21259,1/1/2019,,1/1/2019,5/29/2020,982,15,5
twitter,R,P000605,1,28567,1/1/2019,,1/3/2019,5/29/2020,733,258,104
twitter,D,P000607,2,113315,1/1/2019,,1/1/2019,5/31/2020,3574,276,93
twitter,D,P000608,3,40957,1/1/2019,,1/1/2019,5/31/2020,3098,32,8
twitter,R,P000609,2,21779,1/1/2019,,1/3/2019,5/29/2020,465,23,8
twitter,R,P000612,2,100932,1/1/2019,,1/1/2019,5/31/2020,1829,234,63
twitter,D,P000613,2,12141,1/1/2019,,1/3/2019,5/31/2020,1986,18,4
twitter,D,P000614,2,21805,1/1/2019,,1/1/2019,5/29/2020,1841,39,9
twitter,R,P000615,2,16824,1/1/2019,,1/1/2019,5/30/2020,917,150,49
twitter,D,P000616,2,31016,1/1/2019,,1/5/2019,5/31/2020,1553,125,36
twitter,D,P000617,2,918867,1/1/2019,,1/1/2019,5/31/2020,6516,2249,365
twitter,D,P000618,2,698285,1/1/2019,,1/1/2019,5/29/2020,1953,3366,744
twitter,D,Q000023,2,50507,1/1/2019,,1/1/2019,5/31/2020,2356,127,30
twitter,D,R000122,1,97949,1/1/2019,,1/2/2019,5/30/2020,1022,101,39
twitter,R,R000307,2,83251,1/1/2019,,1/1/2019,5/30/2020,928,187,47
twitter,R,R000395,1,18665,1/1/2019,,1/11/2019,5/26/2020,271,26,9
twitter,D,R000486,1,29892,1/1/2019,,1/1/2019,5/31/2020,2312,18,7
twitter,D,R000515,1,33865,1/1/2019,,1/1/2019,5/29/2020,1871,448,111
twitter,R,R000575,2,28938,1/1/2019,,1/2/2019,5/29/2020,1369,14,5
twitter,D,R000576,2,17262,1/1/2019,,1/1/2019,5/29/2020,1115,11,3
twitter,D,R000577,2,142735,1/1/2019,,1/1/2019,5/31/2020,4638,241,54
twitter,R,R000582,1,21832,1/1/2019,,1/1/2019,5/29/2020,572,96,29
twitter,R,R000584,1,97638,1/1/2019,,1/1/2019,5/29/2020,670,91,25
twitter,R,R000585,2,22331,1/1/2019,,1/1/2019,5/31/2020,731,28,8
twitter,D,R000588,2,39732,1/1/2019,,1/1/2019,5/31/2020,648,39,12
twitter,R,R000591,2,36387,1/1/2019,,1/1/2019,5/30/2020,882,17,4
twitter,R,R000595,3,4310538,1/1/2019,,1/1/2019,5/31/2020,7459,1722,780
twitter,R,R000597,2,18007,1/1/2019,,1/1/2019,5/31/2020,596,48,20
twitter,D,R000599,2,24437,1/1/2019,,1/2/2019,5/31/2020,1290,39,9
twitter,R,R000601,1,237853,1/1/2019,5/21/2020,1/3/2019,4/9/2020,431,4196,1518
twitter,D,R000602,2,35991,1/1/2019,,1/1/2019,5/30/2020,1232,149,46
twitter,R,R000603,2,14874,1/1/2019,,1/1/2019,5/29/2020,572,52,18
twitter,R,R000605,2,27455,1/1/2019,,1/3/2019,5/31/2020,1344,43,15
twitter,D,R000606,2,92757,1/1/2019,,1/1/2019,5/31/2020,4105,256,76
twitter,R,R000607,1,10193,1/1/2019,,1/4/2019,5/29/2020,224,39,15
twitter,D,R000608,2,64819,1/1/2019,,1/1/2019,5/31/2020,3399,57,17
twitter,R,R000609,2,11306,1/1/2019,,1/1/2019,5/31/2020,703,168,67
twitter,R,R000610,2,22416,1/1/2019,,1/8/2019,5/31/2020,893,361,150
twitter,R,R000611,2,14303,1/1/2019,,1/1/2019,5/31/2020,1782,75,30
twitter,R,R000612,2,7353,1/1/2019,,1/2/2019,5/29/2020,745,31,7
twitter,D,R000613,2,48193,1/1/2019,,1/2/2019,5/30/2020,2385,136,27
twitter,R,R000614,2,58958,1/1/2019,,1/1/2019,5/31/2020,20645,107,37
twitter,R,R000615,2,2149979,1/1/2019,,1/1/2019,5/30/2020,984,3789,665
twitter,D,R000616,2,91723,1/1/2019,,1/1/2019,5/31/2020,1423,209,59
twitter,D,S000033,2,21801423,1/1/2019,,1/1/2019,5/31/2020,8234,19081,3693
twitter,D,S000148,2,2392599,1/1/2019,,1/1/2019,5/30/2020,3227,7921,2342
twitter,D,S000185,2,40037,1/1/2019,,1/2/2019,5/29/2020,1061,53,17
twitter,R,S000244,1,12733,1/1/2019,,1/7/2019,5/30/2020,346,262,94
twitter,D,S000248,2,33071,1/1/2019,,1/3/2019,5/29/2020,579,26,9
twitter,R,S000320,1,91408,1/1/2019,,1/2/2019,5/30/2020,654,202,53
twitter,D,S000344,1,52350,1/1/2019,,1/3/2019,5/31/2020,882,105,46
twitter,D,S000510,2,38742,1/1/2019,,1/1/2019,5/30/2020,1105,110,31
twitter,R,S000522,1,34181,1/1/2019,,1/8/2019,5/28/2020,95,876,525
twitter,D,S000770,2,178715,1/1/2019,,1/1/2019,5/31/2020,1189,517,124
twitter,D,S001145,2,52126,1/1/2019,,1/2/2019,5/30/2020,3270,71,26
twitter,R,S001148,2,19800,1/1/2019,,1/1/2019,5/30/2020,620,22,6
twitter,D,S001150,2,2713587,1/1/2019,,1/1/2019,5/31/2020,1266,33903,10007
twitter,D,S001156,2,39630,1/1/2019,,1/3/2019,5/31/2020,1618,42,11
twitter,D,S001157,2,23471,1/1/2019,,1/8/2019,5/30/2020,401,7,3
twitter,D,S001165,1,24768,1/1/2019,,1/1/2019,5/30/2020,2008,19,7
twitter,D,S001168,2,27736,1/1/2019,,1/1/2019,5/30/2020,1669,66,18
twitter,R,S001172,1,14203,1/1/2019,,1/8/2019,5/28/2020,644,23,6
twitter,D,S001175,2,174637,1/1/2019,,1/1/2019,5/29/2020,2148,858,253
twitter,R,S001176,2,491522,1/1/2019,,1/1/2019,5/30/2020,2892,7193,2820
twitter,D,S001180,2,28735,1/1/2019,,1/3/2019,5/29/2020,577,36,8
twitter,D,S001181,2,130133,1/1/2019,,1/2/2019,5/30/2020,3061,62,27
twitter,R,S001183,1,30802,1/1/2019,,1/1/2019,5/31/2020,1017,41,14
twitter,R,S001184,2,428280,1/1/2019,,1/1/2019,5/31/2020,1255,1215,301
twitter,D,S001185,2,44671,1/1/2019,,1/1/2019,5/31/2020,1414,108,33
twitter,R,S001187,2,40052,1/1/2019,,1/1/2019,5/29/2020,557,21,6
twitter,R,S001189,2,27709,1/1/2019,,1/2/2019,5/28/2020,398,79,42
twitter,D,S001190,2,30746,1/1/2019,,1/2/2019,5/29/2020,1095,28,8
twitter,D,S001191,2,261973,1/1/2019,,1/1/2019,5/31/2020,3909,245,44
twitter,R,S001192,2,39588,1/1/2019,,1/3/2019,5/30/2020,934,256,91
twitter,D,S001193,2,996642,1/1/2019,,1/1/2019,5/31/2020,5321,7355,1722
twitter,D,S001194,2,348532,1/1/2019,,1/1/2019,5/31/2020,5887,4608,907
twitter,R,S001195,2,43828,1/1/2019,,1/1/2019,5/31/2020,1178,119,41
twitter,R,S001196,2,565562,1/1/2019,,1/1/2019,5/31/2020,4062,1565,467
twitter,R,S001197,2,428532,1/1/2019,,1/9/2019,3/30/2020,275,1086,204
twitter,R,S001198,2,50048,1/1/2019,,1/3/2019,5/27/2020,1052,91,32
twitter,R,S001199,2,13915,1/1/2019,,1/1/2019,5/31/2020,1141,228,69
twitter,D,S001200,2,20793,1/1/2019,,1/1/2019,5/31/2020,2906,27,11
twitter,D,S001201,2,17327,1/1/2019,,1/1/2019,5/31/2020,773,59,25
twitter,D,S001203,2,124095,1/1/2019,,1/1/2019,5/31/2020,2274,177,36
twitter,D,S001205,2,53081,1/1/2019,,1/1/2019,5/31/2020,4082,249,72
twitter,D,S001206,2,43478,1/1/2019,,1/3/2019,5/31/2020,2497,82,29
twitter,D,S001207,2,64367,1/1/2019,,1/1/2019,5/30/2020,1982,110,21
twitter,D,S001208,2,89183,1/1/2019,,1/2/2019,5/29/2020,1053,561,118
twitter,D,S001209,2,82526,1/1/2019,,1/1/2019,5/31/2020,3854,134,32
twitter,R,S001210,2,9588,1/1/2019,,1/31/2019,5/31/2020,1028,43,18
twitter,D,S001211,2,71473,1/1/2019,,1/1/2019,5/29/2020,1006,64,16
twitter,R,S001212,2,11639,1/1/2019,,1/2/2019,5/30/2020,1128,35,12
twitter,R,S001213,2,10201,1/1/2019,,1/1/2019,5/31/2020,2042,54,24
twitter,R,S001214,2,18543,1/1/2019,,1/10/2019,5/31/2020,812,85,35
twitter,D,S001215,2,52118,1/1/2019,,1/1/2019,5/31/2020,4598,120,22
twitter,D,S001216,2,19854,1/1/2019,,1/3/2019,5/29/2020,851,58,14
twitter,R,S001217,2,458702,1/8/2019,,1/8/2019,5/31/2020,5132,680,350
twitter,R,T000165,1,9290,5/19/2020,,5/19/2020,5/31/2020,17,1189,266
twitter,D,T000193,1,17337,1/1/2019,,1/8/2019,5/29/2020,1190,88,25
twitter,R,T000238,1,16655,1/1/2019,,1/6/2019,5/28/2020,220,15,7
twitter,R,T000250,1,101239,1/1/2019,,1/3/2019,5/29/2020,1179,269,83
twitter,D,T000460,2,33341,1/1/2019,,1/1/2019,5/31/2020,3310,58,17
twitter,R,T000461,2,154184,1/1/2019,,1/1/2019,5/25/2020,487,264,83
twitter,R,T000463,2,44347,1/1/2019,,1/3/2019,5/28/2020,363,438,102
twitter,D,T000464,2,131510,1/1/2019,,1/2/2019,5/29/2020,843,169,36
twitter,R,T000467,2,22706,1/1/2019,,1/2/2019,5/30/2020,1248,13,4
twitter,D,T000468,2,46947,1/1/2019,,1/1/2019,5/31/2020,2889,53,14
twitter,D,T000469,2,27977,1/1/2019,,1/2/2019,5/31/2020,2957,9,3
twitter,R,T000470,2,30056,1/1/2019,,1/3/2019,5/30/2020,771,36,22
twitter,D,T000472,2,58534,1/1/2019,,1/1/2019,5/29/2020,1655,274,109
twitter,D,T000474,2,37108,1/1/2019,,1/1/2019,5/31/2020,2399,79,26
twitter,R,T000476,2,147201,1/1/2019,,1/2/2019,5/31/2020,2311,269,82
twitter,R,T000479,2,13666,1/1/2019,,1/3/2019,5/29/2020,549,24,8
twitter,R,T000480,2,6325,1/1/2019,,1/3/2019,5/30/2020,615,40,15
twitter,D,T000481,2,1281549,1/1/2019,,1/1/2019,5/31/2020,5661,3647,770
twitter,D,T000482,2,28059,1/1/2019,,1/1/2019,5/31/2020,4159,51,11
twitter,D,T000483,2,17783,1/1/2019,,1/1/2019,5/31/2020,2054,68,20
twitter,D,T000484,2,28305,1/1/2019,,1/3/2019,5/31/2020,752,56,11
twitter,R,U000031,2,30834,1/1/2019,,1/3/2019,5/31/2020,1672,50,12
twitter,D,U000039,2,181912,1/1/2019,,1/1/2019,5/29/2020,1804,196,67
twitter,D,U000040,2,189165,1/1/2019,,1/1/2019,5/29/2020,1993,523,113
twitter,D,V000081,2,73239,1/1/2019,,1/1/2019,5/31/2020,5418,84,26
twitter,D,V000108,2,16031,1/1/2019,,1/4/2019,3/7/2020,90,40,7
twitter,D,V000128,1,174819,1/1/2019,,1/1/2019,5/31/2020,1237,776,286
twitter,D,V000130,1,24222,1/1/2019,,1/1/2019,5/29/2020,594,64,19
twitter,D,V000131,2,33343,1/1/2019,,1/2/2019,5/29/2020,1442,37,14
twitter,D,V000132,2,17218,1/1/2019,,1/1/2019,5/28/2020,545,13,5
twitter,R,V000133,3,27865,1/1/2019,,1/9/2019,5/30/2020,608,48,12
twitter,D,W000187,1,1333744,1/1/2019,,1/13/2019,5/30/2020,382,21407,5394
twitter,R,W000437,2,111872,1/1/2019,,1/1/2019,5/30/2020,2060,143,58
twitter,D,W000779,2,487860,1/1/2019,,1/1/2019,5/31/2020,2273,1097,418
twitter,R,W000791,2,33564,1/1/2019,,1/1/2019,5/29/2020,958,34,7
twitter,R,W000795,2,36512,1/1/2019,,1/2/2019,5/31/2020,875,27,10
twitter,D,W000797,2,380664,1/1/2019,,1/2/2019,5/31/2020,2439,58,21
twitter,R,W000798,2,20426,1/1/2019,,1/3/2019,5/31/2020,842,53,18
twitter,D,W000800,2,38969,1/1/2019,,1/2/2019,5/31/2020,354,588,136
twitter,D,W000802,2,366018,1/1/2019,,1/2/2019,5/30/2020,4206,685,253
twitter,R,W000804,2,29908,1/1/2019,,1/3/2019,5/30/2020,1430,29,13
twitter,D,W000805,2,485377,1/1/2019,,1/1/2019,5/31/2020,2097,1648,510
twitter,R,W000806,1,26568,1/1/2019,,1/4/2019,5/30/2020,242,40,16
twitter,D,W000808,1,74799,1/1/2019,,1/2/2019,5/31/2020,1925,116,41
twitter,R,W000809,2,25586,1/1/2019,,1/1/2019,5/30/2020,2143,37,13
twitter,R,W000810,1,16705,1/1/2019,,1/1/2019,5/28/2020,641,21,9
twitter,R,W000812,2,32381,1/1/2019,,1/1/2019,5/29/2020,834,136,45
twitter,R,W000813,2,24509,1/1/2019,,1/1/2019,5/31/2020,1171,57,18
twitter,R,W000814,2,20045,1/1/2019,,1/1/2019,5/30/2020,887,79,26
twitter,R,W000815,2,35071,1/1/2019,,1/1/2019,5/30/2020,1161,60,19
twitter,R,W000816,2,18662,1/1/2019,,1/1/2019,5/30/2020,1455,69,25
twitter,D,W000817,2,10106041,1/1/2019,,1/1/2019,5/31/2020,9051,7829,1518
twitter,R,W000819,2,36283,1/1/2019,,1/1/2019,5/31/2020,2435,260,88
twitter,R,W000821,3,15521,1/1/2019,,1/1/2019,5/29/2020,999,39,13
twitter,D,W000822,2,34053,1/1/2019,,1/3/2019,5/31/2020,2287,121,44
twitter,R,W000823,2,39932,1/1/2019,,1/1/2019,5/31/2020,3199,186,86
twitter,R,W000824,2,11812,1/1/2019,,1/1/2019,5/29/2020,942,168,62
twitter,D,W000825,2,49237,1/1/2019,,1/1/2019,5/31/2020,2936,144,38
twitter,D,W000826,2,13566,1/1/2019,,1/2/2019,5/31/2020,1891,35,11
twitter,R,W000827,2,8034,1/1/2019,,1/4/2019,5/30/2020,897,156,66
twitter,R,Y000033,2,22251,1/1/2019,,1/3/2019,5/31/2020,469,15,5
twitter,D,Y000062,1,47755,1/1/2019,,1/1/2019,5/30/2020,896,773,191
twitter,R,Y000064,2,66224,1/1/2019,,1/2/2019,5/30/2020,2051,116,54
twitter,R,Y000065,2,39257,1/1/2019,,1/4/2019,5/30/2020,816,275,199
twitter,R,Z000017,2,294457,1/1/2019,,1/2/2019,5/31/2020,2406,4626,1672
